Name,Type,Inheritable,Effects,Detail,Level,Class,Restriction,Source,Potential Source,Cost Type,CostL1,CostL2,CostL3,CostL4,CostL5,CostL6,CostL7
ABIT,Support,TRUE,Removes 1 stat debuff from 1 ally row through chanted words of prayer.,"Resistance increase added incrementally, number of stat debuffs removed increases, and effect range expands with skill level. Resistance increases even further.",40,Priest,,,Daniel,MP,8,12,19,24,48,56,64
Absorb-TP,Damage,,Deals minor dark-type spell damage to 1 enemy and restores the user's SP.,Efficacy and SP restoration amount increase with skill level.,40,Dark Knight of Bastok,Dark Knight of Bastok-specific,,,MP,10,16,24,30,40,50,68
Abyssal Drain,Damage,,A minor dark-type spell attack on 1 enemy that siphons HP. It deals damage that bypasses Utsusemi.,Efficacy increases with skill level. Restores the user's HP based on damage.,27,Dark Knight of Bastok,Dark Knight of Bastok-specific,,,MP,5,8,12,15,20,25,34
Abyssal Strike,Active,TRUE,A moderate dark-type physical attack on 1 enemy that inflicts Stun. Chance of inflicting Stun is based on Attack Power. It deals damage that bypasses Utsusemi.,Efficacy/Stun chance increase with skill level. Efficacy/Stun chance is decreased if learned by someone other than Zeid.,,,,Zeid,,SP,10,15,23,28,43,51,73
Adept's Rule of Thumb,Discipline,,"Passively increases all stats, with Detect/Disarm Trap increased even further.",Detect/Disarm Trap increase even further with skill level.,,,,Aldric,,,,,,,,,
Advice of the Skull,Passive,,Increases damage to undead and reduces damage from undead.,Damage to undead increases and damage taken from undead is reduced.,,,,Yekaterina,,,,,,,,,
Aegis Bash,Active,TRUE,A moderate physical attack that easily hits 1 enemy. Reduces damage taken from enemies for 3 turns.,Efficacy increases and damage taken from enemies is reduced even further with skill level. Efficacy decreased and amount of reduction of damage taken from enemies decreased if learned by someone other than Lanavaille.,,,,Lanavaille,,SP,10,13,18,30,45,55,65
Agent of Heresy,Passive,,Increases damage dealt to enemies for all allies in the same row when only evil or neutral allies are in the same row.,Increases damage dealt to enemies for everyone in the row when only evil or neutral allies are deployed in the same row.,,,,Alice,,,,,,,,,
Air Formation,Passive,,Increases damage dealt to earth-type enemies for the user and all adjacent air-type allies when 2 or more air-type allies are deployed adjacent to the user.,,,,,Jarmil,,,,,,,,,
Air Resistance Weakening,Debuff,,Decreases Air Tolerance for 1 enemy row for 2 turns by whispering malicious things to any surrounding spirits. Chance of decreasing is based on Magic Power.,"Chance increases, air-type Tolerance decreases even further, and the number of turns increases incrementally with skill level.",67,Mage,Mage-specific,,,MP,10,14,20,26,36,50,66
Air Type Thaumaturgy,Passive,,Reduces air-type damage to the user.,Air-type damage reduced even further with skill level.,55,Mage,,,,,,,,,,,
Air-Kin Blessing,Passive,,Reduces air-type damage for beastfolk in the same row.,Air-type damage reduced for beastfolk in the same row.,,,,Amelia,,,,,,,,,
Albano's Revulsion,Bondmate,,Passively increases Defense Power/Paralysis Tolerance.,Defense Power/Paralysis Tolerance increase even further with skill level.,,,,Bondmate,,,,,,,,,
Alchemist of Rebirth,Discipline,,"Passively increases all stats, with MP/Piety increased even further.",MP/Piety increase even further with skill level.,,,,Raffaello,,,,,,,,,
Alchemized Anima Dissolution,Damage,TRUE,A moderate untyped spell attack on 1 enemy row that siphons HP. Efficacy is based on Piety. Restores HP to allies in the front row based on damage.,Efficacy increases with skill level. Efficacy decreased and HP restoration amount is reduced if learned by someone other than Raffaello.,,,,Raffaello,,MP,20,30,42,54,68,82,100
All Cover,Active,TRUE,Has a chance of intercepting single-target attacks received by all allies for 1 turn.,"Defense Power increase added incrementally, number of turns increases, and chance/Defense Power increase even further with skill level.",40,Knight,Knight-specific,,Eldorado,SP,16,21,28,38,54,72,104
All-Around Cover,Active,,Has a chance of intercepting single-target attacks received by all allies for 1 turn. Puts the user in a Defend state.,"Defense Power increase added incrementally, number of turns increases, and chance/Defense Power increase even further with skill level. Luck also affects the chance. The Defend state effect of this skill is unaffected by effect-extending skills.",67,Knight,Knight-specific,,,SP,23,30,39,51,71,93,133
Alleviation Tincture,Support,,Removes 1 stat debuff from 1 ally using a medicinal compound that restores sluggish bodily functions.,The number of stat debuffs removed increases with skill level. Can also be used underwater.,62,Healer,Healer-specific,,,MP,4,6,9,,,,
Amatsu: Choun,Active,,"A moderate fire-type physical attack on 1 enemy row. After attacking, this skill changes to Amatsu: Fuga.","Efficacy increases with skill level. [Amatsu: Fuga] A moderate light-type spell attack on 1 enemy row based on Attack Power. After attacking, this skill changes to Amatsu: Gachirin. [Amatsu: Gachirin] A massive fire-type physical attack on 1 enemy. After attacking, this skill changes to Amatsu: Hanadoki.",,,,,,SP,10,13,19,31,50,61,72
Amatsu: Fuga,Active,,"A moderate light-type spell attack on 1 enemy row based on Attack Power. After attacking, this skill changes to Amatsu: Gachirin.","Efficacy increases with skill level. [Amatsu: Gachirin] A massive fire-type physical attack on 1 enemy. After attacking, this skill changes to Amatsu: Hanadoki.",,,,,,SP,10,13,19,31,50,61,72
Amatsu: Gachirin,Active,,"A massive fire-type physical attack on 1 enemy. After attacking, this skill changes to Amatsu: Hanadoki.",Efficacy increases with skill level.,,,,,,SP,10,13,19,31,50,61,72
Amatsu: Hanadoki,Active,TRUE,"A moderate fire-type physical attack that easily hits 1 enemy. After attacking, this skill changes to Amatsu: Choun.","Efficacy increases with skill level. Only Amatsu: Hanadoki can be performed, and efficacy is reduced, if learned by someone other than Iroha. [Amatsu: Choun] A moderate fire-type physical attack on 1 enemy row. After attacking, this skill changes to Amatsu: Fuga. [Amatsu: Fuga] A moderate light-type spell attack on 1 enemy row based on Attack Power. After attacking, this skill changes to Amatsu: Gachirin. [Amatsu: Gachirin] A massive fire-type physical attack on 1 enemy. After attacking, this skill changes to Amatsu: Hanadoki.",,,,Iroha,,SP,10,13,19,31,50,61,72
Amnesiac Corpse Retriever,Discipline,,"Passively increases all stats, with Attack Power/Magic Power/SP/MP increased even further.",Attack Power/Magic Power/SP/MP increase even further with skill level.,,,,Iarumas,,,,,,,,,
Anesthetic Needle,Active,,A minor physical attack on 1 enemy that inflicts Paralyze. Chance of inflicting Paralysis is based on Dexterity.,Efficacy/chance increase with skill level.,2,Healer,,,,SP,3,4,7,9,18,21,24
Anti-Adventurer Combat Technique,Passive,,Increases damage to adventurers and reduces damage from adventurers.,Damage to adventurers increases and damage taken from adventurers is reduced.,,,,Chloe,,,,,,,,,
Anticipated Attack,Active,TRUE,"A minor physical attack on 1 enemy that easily triggers a Sure hit. Bypasses a set amount of Defense Power, and always triggers a Sure hit if the enemy is in preparation. Hits enemies attempting to evade, but the damage is reduced. Efficacy is based on Attack Power/Accuracy.",Efficacy increases and Defense Power bypassed even further with skill level.,3,Ranger,,Heinrico,,SP,7,11,17,21,32,39,56
Anticipation,Passive,,Increases Evasion against physical attacks when the user is targeted by the same enemy. The effect is removed when taking an attack.,Evasion increases even further with skill level.,61,Samurai,"Samurai/Samurai of the Black Rod-specific, Katana-specific",,,,,,,,,,
Apostle of Breaking Commandments,Passive,,Significantly increases Insta-Kill Tolerance/Skill-Bind Tolerance/Spell-Bind Tolerance for the user and all adjacent dark-type allies.,Insta-Kill Tolerance/Skill-Bind Tolerance/Spell-Bind Tolerance greatly increase for the user and adjacent dark-type allies.,,,,Red Beard,,,,,,,,,
Apothecary's Knowledge,Discipline,,"Passively increases all stats/Poison Tolerance, with HP increased even further.",HP/Poison Tolerance increase even further with skill level.,,,,Asha,,,,,,,,,
Arcana Killer,Passive,,Increases damage dealt to magical beings and reduces damage taken from magical beings.,Damage dealt increases even further and damage taken decreases even further with skill level.,48,Dark Knight of Bastok,,,,,,,,,,,
Armor Break,Active,TRUE,A minor physical attack on 1 enemy that decreases their Defense Power. It has a chance of decreasing Defense Power is based on Dexterity.,Chance increases and Defense Power decreases even further with skill level.,14,Fighter,,Elise,,SP,4,6,9,12,18,22,32
Armor Pierce,Active,TRUE,A minor physical attack on 1 enemy that greatly bypasses their Defense Power.,Efficacy increases and Defense Power bypassed even further with skill level.,6,Ninja,,Kiriha,,SP,5,8,12,15,23,28,40
Armsmanship,Passive,,Increases Accuracy/Action Speed when equipped with a one-handed weapon. Increases Accuracy/Attack Power when equipped with a two-handed weapon.,Accuracy/Action Speed increase even further with skill level when equipped with a one-handed weapon. Accuracy/Attack Power increase even further when equipped with a two-handed weapon.,70,Fighter,,,,,,,,,,,
Art of Assassination,Passive,,Has a chance of triggering a Critical when performing a normal attack. The chance increases when unarmed.,Chance increases with skill level.,1,Ninja,Ninja-specific,,,,,,,,,,
Assault Guard,Passive,TRUE,Greatly increases Defense Power for 2 turns during ambushes.,Defense Power increases even further and the number of turns increases incrementally with skill level.,12,Knight,,Barbara,,,,,,,,,
Astral Break,Active,TRUE,A major earth-type physical attack on 1 enemy that easily hits and bypasses a set amount of their Defense Power. It advances the action order of the user and an ally in front of or behind them for 2 turns.,"Efficacy increases and action order advanced even further with skill level. Efficacy decreased, and Defense Power penetration proportion/number of turns/action order advancement effect amount reduced, if learned by someone other than Arboris. Can stack with skills that have the same effect prior to inheritance.",,,,Arboris,,SP,20,27,36,48,68,90,130
Astral Order,Active,TRUE,"Increases Attack Power for the user and an ally in front of or behind them for 4 turns. Increases the Attack Power increase amount based on the number of stat buff effects on all enemies. Also, has a chance of decreasing the Attack Power of 1 selected enemy for 4 turns.",Enemy's Attack Power decreases even further and ally's Attack Power increases even further with skill level. Attack Power decrease amount/Attack Power increase amount/the number of turns decreased if learned by someone other than Arboris.,,,,Arboris,,SP,13,16,23,31,44,58,84
Asuran Fists,Active,TRUE,A moderate physical attack on 1 enemy that doubles the number of hits. Can be performed when the user's Skillchain Level is 2 or higher. Skillchain Level is reduced by 2 after attacking.,Efficacy increases with skill level. Skillchain level becomes unnecessary but the number of attacks will no longer increase if learned by someone other than Prishe.,,,,Prishe,,SP,14,19,26,35,50,66,94
Attack Bonus,Passive,,Passively increases Attack Power.,Attack Power increases even further with skill level.,8,Dark Knight of Bastok,Dark Knight of Bastok-specific,,,,,,,,,,
Attract Hit,Active,TRUE,A minor physical attack on 1 enemy. Makes the user more easily targeted by the target for 3 turns.,Efficacy increases and the user is made even more easily targeted with skill level.,14,Knight,,Eckart,,SP,3,4,7,9,13,16,24
Audacious Abhorrent One,Discipline,,"Passively increases all stats, with SP/Attack Power increased even further.",SP/Attack Power increase even further with skill level.,,,,,,,,,,,,,
Auroral Uppercut,Active,,A moderate light-type physical attack on 1 enemy that inflicts Stun. Chance of inflicting Stun is based on Attack Power. Effective against undead. Can be performed when the user's Skillchain Level is 2 or higher. Skillchain Level is reduced by 2 after attacking.,Damage increases even further with skill level.,68,Abhorrent One of Tavnazia,Abhorrent One of Tavnazia-specific,,,SP,12,16,21,28,40,54,78
Back-against-the-Water Formation,Passive,TRUE,Increases Attack Power/Magic Power when remaining HP falls below 50%.,Attack Power/Magic Power increase even further with skill level.,50,Samurai,,,Bugen,,,,,,,,
BADI,Damage,,"A minor light-type spell attack on 1 enemy row based on Divine Power, evoked with a sacred prayer. Increases damage to undead.","Chance/damage proportion increase with skill level, and the effect works against powerful enemies as well, with some exceptions.",51,Priest,,,,MP,10,13,18,24,34,45,65
BADIOS,Damage,,"A minor light-type spell attack on 1 enemy based on Divine Power, evoked with a sacred prayer. Increases damage to undead.",Efficacy increases with skill level.,9,Priest,,,,MP,4,6,9,12,18,22,32
BALAFEOS,Debuff,TRUE,Has a chance of decreasing the Attack Power of 1 enemy row for 3 turns by intruding on psyches over a wide area.,"Chance increases, Attack Power decreases even further, and the number of turns increases incrementally with skill level.",17,Mage,,,Dino,MP,4,6,9,12,18,22,28
Bamboo Splitter,Active,,A major physical attack on 1 enemy. Can be used while in the Cresting Wave Stance.,Efficacy increases with skill level.,25,Samurai,"Samurai/Samurai of the Black Rod-specific, Katana-specific",,,SP,12,16,20,28,40,54,78
BATILGREF,Debuff,TRUE,Has a chance of decreasing the Evasion/Action Speed of 1 enemy row for 3 turns by conjuring a bog over a wide area.,"Chance increases, Evasion decreases even further, action is delayed even further, and the number of turns increases incrementally with skill level.",13,Mage,,,Asha,MP,3,4,7,9,16,18,24
Bear Trap,Active,,"Places a bear trap in front of the user during exploration. Renders an enemy or ally party unable to move for a set amount of time if caught in the trap. At the start of battle, deals a set amount of damage to the entire side caught in the trap, and decreases Action Speed and Evasion for 2 turns.","Enemy's immobilization time increases, enemy's Action Speed/Evasion decrease even further, and the number of turns increases incrementally with skill level. Does not affect floating enemies and is destroyed by large enemies.",25,Ranger,Ranger-specific,,,SP,5,7,12,15,27,30,40
Bearer of the Burden,Discipline,,"Passively increases all stats, with HP/Attack Power increased even further.",HP/Attack Power increase even further with skill level.,,,,,,,,,,,,,
Beastfolk Thief Discipline,Discipline,,Passively increases all stats.,Accuracy increases even further with skill level.,,,,Beast-Thi,,,,,,,,,
Behind Cover,Passive,TRUE,Has a fixed chance of intercepting single-target attacks received by an ally behind the user.,"Physical damage reduction added incrementally, chance increases even further, and damage reduced even further with skill level.",32,Knight,Knight-specific,Eulalia,,,,,,,,,
Bestial Roar,Discipline,,"Passively increases all stats, with HP/Attack Power increased even further.",HP/Attack Power increase even further with skill level.,,,,Galbadus,,,,,,,,,
Bind-Averting Incense,Active,,"The vigorous fragrance of citrus prevents loss of concentration, and for a set duration, allies are prevented from becoming afflicted with Skill-bind/Spell-Bind 2 times.","Effect duration increases, and the number of times Skill-Bind/Spell-Bind are prevented increases incrementally with skill level. Cannot be used in places with water at the user's feet or underwater.",43,Healer,Healer-specific,,,SP,6,8,12,18,32,36,48
Black Beast Feint,Passive,TRUE,"Increases the user's Evasion for 1 turn, and makes the user more easily targeted by 1 enemy row for 2 turns. When evading a single-target attack, the user counterattacks with an attack that bypasses Defense Power.","Efficacy increases, Evasion increases even further, and Defense Power bypassed even further with skill level. Evasion increase amount reduced and Defense Power becomes harder to bypass if learned by someone other than Savia.",,,,Savia,,,,,,,,,
Blazing Resplendence,Active,TRUE,Increases fire-type damage dealt to enemies and adds to water-type damage taken from enemies for 4 turns. A moderate physical attack on 1 enemy. Efficacy is based on Attack Power/Magic Power.,Efficacy increases and fire-type damage increase amount increases with skill level. Efficacy decreased and fire-type damage increase amount reduced if learned by someone other than Yoizou.,,,,Yoizou,,SP,9,12,16,22,32,43,62
Blessing of Agora,Passive,TRUE,"Adds 1 consecutive turn to stat buffs/debuffs skills/spells cast by the user. Furthermore, MP is passively increased.","MP increases even further and the number of turns increases even further, incrementally with skill level. Increase in the number of consecutive turns for MP increase amount/stat buffs/stat debuffs reduced if learned by someone other than Alice.",,,,Alice,,,,,,,,,
Blessing of Owen,Discipline,,"Passively increases all stats/Confusion Tolerance/Charm Tolerance, with Attack Power increased even further.",Attack Power/Confusion Tolerance/Charm Tolerance increase even further with skill level.,,,,Abenius,,,,,,,,,
Blessing of Renewal,Support,,"Places 1 ally in a state of continuous minor healing for 4 turns, a blessing granted through prayer.",Restoration amount increases with skill level.,67,Priest,Priest/Silver-Haired Nun-specific,,,MP,20,27,36,48,68,90,130
Blessing of the Beast God,Discipline,,"Passively increases all stats/Paralysis Tolerance, with Attack Power increased even further.",Attack Power/Paralysis Tolerance increase even further with skill level.,,,,Debra,,,,,,,,,
Blessing of the Beastfolk Goddess,Passive,TRUE,Restores minor SP to the user when their attack defeats an enemy.,"Attack Power increase added incrementally, Attack Power increases even further, and restoration amount increases with skill level. Restoration amount reduced if learned by someone other than Debra.",,,,Debra,,,,,,,,,
Blinding,Active,TRUE,A minor physical attack on 1 enemy that decreases their Accuracy. The chance/efficacy of decreasing Accuracy are based on Dexterity.,Chance/efficacy increase and Accuracy decreases even further with skill level.,20,Thief,,,Amelia,SP,3,4,7,9,18,21,24
Blood Edge,Active,,A minor physical attack on 1 enemy. Deals continuous HP damage for a set number of turns.,Damage/number of turns increase with skill level.,51,Thief,,,,SP,8,12,19,24,44,49,64
Blood Weapon,Active,,Siphons HP and restores the user's HP for 4 turns based on physical damage dealt to enemies by the user.,HP is siphoned to restore the user's HP for 4 turns based on physical damage dealt to enemies by the user.,1,Dark Knight of Bastok,Dark Knight of Bastok-specific,,,SP,12,,,,,,
Bloodline of the Mirror-Mere,Discipline,,"Passively increases all stats, with Accuracy/Magic Defense increased even further.",Accuracy/Magic Defense increase even further with skill level.,,,,Livana,,,,,,,,,
Blunt Combo Strike,Active,,"A minor physical attack that easily hits 1 enemy. When attacking, companion crows perform an attack that bypasses a set amount of Defense based on Dexterity. Additionally, the user's Evasion is increased for 1 turn, and companion crows counterattack when a single-target attack is evaded.",,,,,Aldric,,SP,15,,,,,,
Bones of Obsessive Love,Passive,,Restores minor MP to the user when an enemy is defeated.,Minor MP restored to the user when an enemy is defeated.,,,,Raffaello,,,,,,,,,
Branded Hands,Passive,,Increases Accuracy when equipped with a two-handed weapon. Passively increases the Chill limit.,Accuracy increases when equipped with a two-handed weapon. Chill limit passively increases.,,,,Gerulf,,,,,,,,,
Calamitous Rockfall,Damage,,"Usable when equipped with a Two-Handed Staff of The Spirit Realm. Drops a magic-infused rock, dealing minor earth-type spell damage to 1 enemy row. Has a chance of decreasing enemy Evasion for 3 turns.",,,,,,,MP,23,,,,,,
Calculated Charity,Passive,,Reduces physical damage taken from enemies for the user and the ally in front or behind when that ally is evil.,,,,,Milana,,,,,,,,,
CALDIA,Support,,Increases the Accuracy/Surety of 1 ally for 3 turns by expanding their field of vision.,Accuracy/Surety increase even further and the number of turns increases incrementally with skill level.,17,Priest,,,,MP,6,8,12,18,32,36,48
Calm Mind Technique,Passive,,Reduces the amount of Fortitude lost when failing to disarm a trap.,Reduces the amount of Fortitude lost when failing to disarm a trap.,70,Thief,Thief-specific,,,,,,,,,,
Carnal Incense,Passive,,Increases Defense Power when remaining HP falls below a set level.,Defense Power increases even further with skill level.,22,Abhorrent One of Tavnazia,Abhorrent One of Tavnazia-specific,,,,,,,,,,
Challenger's Strike,Active,TRUE,A major physical attack on 1 enemy after gathering power. Has a chance of increasing damage. Easily hits against dragonkind.,Efficacy increases and dragonkind are hit even more easily with skill level. Efficacy decreased if learned by someone other than Berkanan.,,,,,Berkanan,SP,15,20,27,36,51,67,97
Chaos Deified,Passive,TRUE,"Adds 1 consecutive turn to stat buffs/debuffs skills/spells cast by the user. Furthermore, MP/I.Q. are passively increased.","MP/I.Q. increase even further, and the number of turns for which the effect persists incrementally increases even further with skill level. When this skill is inherited, Blessing of Agora is inherited instead. This skill can be enhanced by inheriting Blessing of Agora or Innocent Fanaticism.",,,,Alice,,,,,,,,,
Child of the Sacred Tree,Discipline,,"Passively increases all stats, with Magic Power/Action Speed increased even further.",Magic Power/Action Speed increase even further with skill level.,,,,Shelirionach,,,,,,,,,
Chris's Friendship,Bondmate,,Passively increases MP.,MP increases even further with skill level.,,,,Bondmate,,,,,,,,,
Coin of Power,Passive,,"Allows one-handed swords, two-handed swords, small shields, light shields, light helmets, light armor, light gauntlets, and light armor boots to be equipped. Passively increases the user's Attack Power/Defense Power/Accuracy/Evasion/HP/SP.","Allows one-handed swords, two-handed swords, small shields, light shields, light helmets, light armor, light gauntlets, and light armor boots to be equipped. User's Attack Power/Defense Power/Evasion/Accuracy/HP/SP passively increase.",,,,Berkanan,,,,,,,,,
Cold-Blooded Elf,Discipline,,Passively increases all stats/Surety/Sleep Tolerance.,Surety/Sleep Tolerance increase even further with skill level.,,,,Elda,,,,,,,,,
Combo,Active,,A moderate physical attack that easily hits 1 enemy.,Damage increases even further with skill level.,1,Abhorrent One of Tavnazia,Abhorrent One of Tavnazia-specific,,,SP,3,4,7,9,16,18,24
Compassionate Apothecary,Passive,,Increases Poison Tolerance/Paralysis Tolerance/Stone Tolerance for the user and all adjacent good allies.,Poison/Paralysis/Stone Tolerance increase for the user and adjacent good allies.,,,,Asha,,,,,,,,,
Concealment,Active,,"Conceals the user, providing a high chance of evading an enemy attacks. The chance increases when armor is not worn.",Chance increases and damage incrementally reduced even further with skill level. Luck also affects the chance.,4,Ninja,Ninja-specific,,,SP,2,4,6,8,10,12,14
Concentration,Passive,,"Increases Attack Power/Magic Power each time a turn passes. However, changing equipment will revert this effect.",Attack Power/Magic Power increase even further with skill level.,1,Samurai,Samurai-specific,,,,,,,,,,
CONES,Damage,,A minor untyped spell attack on 1 enemy by launching an orb of pure magic power.,Efficacy increases with skill level.,1,Mage,,,,MP,6,10,15,20,26,32,40
Contiguous States of Mind,Passive,,Passively increases some stats.,Some stats passively increase.,,,,,,,,,,,,,
CORTU,Support,,Reduces spell damage taken by all allies for 2 turns by raising a barrier.,Spell damage reduced even further and the number of turns increases incrementally with skill level.,18,Mage,,,,MP,3,4,7,9,16,18,24
Counter,Passive,,Has a chance of counterattacking when evading a single-target close/mid-range attack.,Chance increases even further with skill level. Luck also affects the chance.,10,Abhorrent One of Tavnazia,Abhorrent One of Tavnazia-specific,,,,,,,,,,
Counter-Offensive,Passive,,"Increases Attack Power/Surety for 3 turns when evading an attack. This stat buff can stack up to 5 times, with Attack Power/Surety increased even further.","Attack Power/Surety increase for 3 turns upon evading an attack. This enhancement can stack up to 5 times, with Attack Power/Surety increasing even further.",,,,Savia,,,,,,,,,
Counterattack,Passive,TRUE,Has a chance of counterattacking when evading a single-target close/mid-range attack.,Chance increases with skill level. Luck also affects the chance.,12,Fighter,Close/mid-range weapon-specific,Ophelia,,,,,,,,,
Courage to Step Forward,Discipline,,"Passively increases all stats/Surety, with HP/SP/Attack Power increased even further.",HP/SP/Attack Power/Surety increase even further with skill level.,,,,Berkanan,,,,,,,,,
Cover,Active,TRUE,Has a chance of intercepting single-target attack directed at 1 designated ally for 2 turns.,Defense Power increase added incrementally and the number of turns increases with skill level. Chance/Defense Power increase even further.,1,Knight,Knight-specific,Eldorado,,SP,3,4,7,9,13,16,24
Cover Defense,Passive,,"When intercepting a single-target attack directed at an ally via a cover skill, the user has a passive chance of taking it as if in a Defend state.",Chance increases with skill level. Luck also affects the chance.,61,Knight,Knight-specific,,,,,,,,,,
Covert Strike,Active,,A moderate physical attack on 1 enemy that doubles the number of hits. Can be used while hidden.,Efficacy increases with skill level.,35,Ninja,"Close-range-weapon-specific, Ninja-specific",,,SP,12,16,21,36,54,66,78
Crafty Old Mage,Discipline,,"Passively increases all stats, with Magic Defense/Magic Power increased even further.",Magic Defense/Magic Power increase even further with skill level.,,,,Jarmil,,,,,,,,,
Creeping Coin,Passive,,Passively increases Detect.,Detect increases even further with skill level.,,,,,,,,,,,,,
Cresting Wave Stance,Active,,"Performs a normal attack in the current stance, then transitions to the Cresting Wave Stance. Increases the efficacy and damage taken from the user's skills and normal attacks.","The stance assumed at the start of battle. When in a different stance, this skill will perform a normal attack and then transition to True Eye Stance.",10,Samurai,"Samurai-specific, Katana-specific",,,,,,,,,,
Critical Attack Bonus,Passive,,Increases Surety damage on a Sure hit.,Surety damage increases even further with skill level.,43,Dark Knight of Bastok,,,,,,,,,,,
Cry of Ruin,Active,TRUE,A moderate dark-type close-range physical attack that spreads and easily hits 1 enemy. Deals reduced damage based on distance to enemies in the same row as the attacked opponent. Expends 25% of the user's max HP after attacking.,Efficacy increases with skill level. Efficacy decreased and HP expenditure by the user increased if learned by someone other than Gillion.,,,,Gillion,,SP,9,14,21,27,41,50,72
Cunning Pursuit,Passive,TRUE,Increases Surety when attacking opponents affected by status afflictions or stat debuffs.,Surety increases even further with skill level.,32,Thief,,,Philip,,,,,,,,
Cure,Support,,Restores minor HP to 1 ally.,Restoration amount increases with skill level.,18,Abhorrent One of Tavnazia,Abhorrent One of Tavnazia-specific,,,MP,5,8,11,15,19,24,30
Curse-Averting Incense,Active,,"The deep, hallowed fragrance of frankincense purifies the air, and for a set duration, allies are prevented from becoming afflicted with Curse 2 times.","Effect duration increases, and the number of times Curse is prevented increases incrementally with skill level. Cannot be used in places with water at the user's feet or underwater.",50,Healer,Healer-specific,,,SP,6,8,12,18,32,36,48
Cursed-Blood Resonance,Passive,,Increases Accuracy/Action Speed and damage dealt to enemies when equipped with a two-handed weapon. Expends 5% of the user's max HP after attacking.,Accuracy/Action Speed increase and damage dealt to enemies increases when equipped with a two-handed weapon. Expends 5% of the user's max HP after attacking.,,,,Gillion,,,,,,,,,
DALTO,Damage,,A minor untyped spell attack on 1 enemy by releasing cold air. Has a chance of Chilling the target based on Magic Power.,"Efficacy/chance increase with skill level. If already Chilled, the effect will progress further.",62,Mage,,,,MP,6,10,15,20,26,32,40
Dance of the Bold Advance,Passive,,Increases the user's Surety/Surety damage/Evasion in battle when equipped with a close/mid-range weapon and a shield and deployed in the front row.,The user's Surety/Surety damage/Evasion increase in battle when equipped with a close/mid-range weapon and a shield and deployed in the front row.,,,,Debra,,,,,,,,,
Dancer of Liberation,Discipline,,"Passively increases all stats/Surety, with Evasion increased even further.",Surety/Evasion increase even further with skill level.,,,,Debra,,,,,,,,,
Dark Resistance Weakening,Debuff,,Decreases Dark Tolerance for 1 enemy row for 2 turns by whispering malicious things to any surrounding spirits. Chance of decreasing is based on Magic Power.,"Chance increases, dark-type Tolerance decreases even further, and the number of turns increases incrementally with skill level.",67,Mage,Mage-specific,,,MP,10,14,20,26,36,50,66
Dark Type Thaumaturgy,Passive,,Reduces dark-type damage to the user.,Dark-type damage reduced even further with skill level.,55,Mage,,,,,,,,,,,
Dark-Kin Blessing,Passive,,Reduces dark-type damage for elves in the same row.,Dark-type damage reduced for elves in the same row.,,,,Elda,,,,,,,,,
Deadfall Log,Active,,"Places a deadfall log trap in front of the user during exploration. If an enemy or ally party triggers the trap, they are knocked back a set distance. If an enemy is caught, the front-row enemy with the highest HP is dealt damage proportional to HP and has their Defense Power reduced for 4 turns at the start of battle. If an ally party is caught, all allies take damage and their Defense Power is decreased at the start of battle.",Amount of damage dealt to enemies increases even further and enemy Defense Power decreases even further with skill level. Can only be placed in areas with a ceiling. Does not affect slime-type enemies and cannot hit small enemies.,38,Ranger,Ranger-specific,,,SP,7,10,17,21,38,42,56
Death from Above,Passive,,"When equipped with a dagger on the first action during battle, the user's Surety is increased, and skill-based physical attacks against close-range enemies have a chance of triggering a Critical.",Actions caused by passive skills do not trigger this skill's effect and are not considered a first action.,,,,Rinne,,,,,,,,,
Decisive Torso Strike,Active,TRUE,A moderate physical attack that very easily hits 1 enemy.,Efficacy increases with skill level.,5,Samurai,,Bugen,,SP,9,15,22,28,43,52,74
Defense of House Zart,Discipline,,"Passively increases all stats, with HP/Evade Trap increased even further.",HP/Evade Trap increase even further with skill level.,,,,Barbara,,,,,,,,,
Defensive Provoke,Active,TRUE,"Makes the user more easily targeted by 1 enemy row, increases Defense Power, and continuously restores minor HP to the user for 2 turns.","The user is made even more easily targeted, restoration amount increases, and Defense Power increases with skill level.",38,Knight,Close/mid-range weapon-specific,,Eckart,SP,10,13,18,24,34,45,65
Delay Attack,Active,TRUE,A minor physical attack on 1 enemy that delays their action. It has a chance of delaying their action is based on Dexterity.,Chance/efficacy increase and action delayed even further with skill level.,6,Thief,,Philip,,SP,4,6,9,12,24,28,32
Devoted Therapy,Passive,,Increases the restoration amount of healing spells and reduces the damage amount of attack spells.,Restoration increase amount increases with skill level.,1,Healer,Healer-specific,,,,,,,,,,
DIADOR,Support,,Cures 1 ally of Paralysis through chanted words of prayer.,Resistance increase/HP restoration added incrementally and effect range expands with skill level. Resistance increases even further and restoration amount increases.,10,Priest,,,,MP,3,4,7,9,25,30,56
DIALKO,Support,TRUE,Cures 1 ally of Sleep/Stun through chanted words of prayer.,Resistance increase/HP restoration added incrementally and effect range expands with skill level. Resistance increases even further and restoration amount increases.,14,Priest,,,Emil,MP,3,4,7,9,25,30,56
DILTO,Debuff,,Has a chance of decreasing the Accuracy of 1 enemy row for 3 turns through inky blackness that robs a wide area of sight.,"Chance increases, Accuracy decreases even further, and the number of turns increases incrementally with skill level.",5,Mage,,,,MP,3,4,7,9,16,18,24
DIOS,Support,TRUE,Restores minor HP to 1 ally through chanted words of blessing.,Restoration amount increases with skill level.,1,Priest,,Galina,,MP,5,8,11,15,19,24,30
Dissipation,Active,,Removes 1 stat buff from 1 enemy by forming a hand sign that dispels even fog.,Effect range varies incrementally and the number of removals increases with skill level.,30,Ninja,,,,SP,12,16,21,36,54,66,78
Divine Path,Passive,,"When performing a physical attack, the attack is based on Attack Power/Magic Power.",The rate at which Attack Power/Magic Power are reflected increases with skill level.,1,Samurai,Samurai/Samurai of the Black Rod-specific,,,,,,,,,,
Dodge,Passive,,Passively increases Evasion.,Evasion increases even further with skill level.,16,Abhorrent One of Tavnazia,Abhorrent One of Tavnazia-specific,,,,,,,,,,
Donato's Recalcitrance,Bondmate,,Passively increases Accuracy.,Accuracy increases even further with skill level.,,,,Bondmate,,,,,,,,,
Drastic Strike,Active,,A moderate physical attack on 1 enemy that increases in efficacy the lower the user's remaining HP is.,Efficacy increases with skill level.,65,Fighter,Fighter/Dark Knight of Bastok-specific,,,SP,20,27,36,48,68,90,130
Dream of the Sleeping Witch,Passive,,"Due to the strain of shared perception with the Sacred Tree, 1 time only, the user falls Asleep during battle at the end of the turn if their MP is 25% or lower. While Asleep, damage taken is not increased, and on the user's turn, a moderate dark-type spell attack is dealt to 1 random enemy and MP is restored at the end of the that turn.","Due to the strain of shared perception with the Sacred Tree, 1 time only, the user falls Asleep during battle at the end of the turn, if their MP is 25% or lower. While Asleep, damage taken is not increased, and on the user's turn, a moderate dark-type spell attack is dealt to 1 random enemy and MP is restored at the end of the that turn. Additionally, MP is restored at the end of the user's turn.",,,,Shelirionach,,,,,,,,,
Dwarf Knight Discipline,Discipline,,"Passively increases all stats, with HP increased even further.",HP increases even further with skill level.,,,,Dwarf-Kni,,,,,,,,,
Earth Formation,Passive,,Increases damage dealt to water-type enemies for the user and all adjacent earth-type allies when 2 or more earth-type allies are deployed adjacent to the user.,Increases damage dealt to water-type enemies for the user and adjacent earth-type allies when 2 or more earth-type allies are deployed adjacent to the user.,,,,Jean,,,,,,,,,
Earth Resistance Weakening,Debuff,,Decreases Earth Tolerance for 1 enemy row for 2 turns by whispering malicious things to any surrounding spirits. Chance of decreasing is based on Magic Power.,"Chance increases, earth-type Tolerance decreases even further, and the number of turns increases incrementally with skill level.",67,Mage,Mage-specific,,,MP,10,14,20,26,36,50,66
Earth Type Thaumaturgy,Passive,,Reduces earth-type damage to the user.,Earth-type damage reduced even further with skill level.,55,Mage,,,,,,,,,,,
Earth-Kin Blessing,Passive,,Reduces earth-type damage for dwarves in the same row.,Earth-type damage reduced for dwarves in the same row.,,,,Bakesh,,,,,,,,,
Earth-Splitting Strike,Active,,A moderate physical attack on 1 enemy. Has a chance of inflicting Stun based on the user's Attack Power.,Efficacy/chance increase with skill level.,62,Fighter,"Fighter/Tall Mage/Priestess of the Far East-specific, Close/mid-range weapon-specific",,,SP,7,11,17,21,32,39,56
Eddying Mist of Reactive Healing,Support,,Places 1 ally row in a state that restores minor HP upon taking damage from attacks for 3 turns by spreading a mist through a medicinal compound that promotes healing in response to injury. Restoration amount is based on Magic Power/Divine Power.,Restoration amount increases with skill level. Can also be used underwater.,10,Healer,,,,MP,12,20,29,40,52,65,80
Elf Mage Discipline,Discipline,,Passively increases all stats.,Magic Power increases even further with skill level.,,,,Elf-Mag,,,,,,,,,
Elf Priest Discipline,Discipline,,Passively increases all stats.,Divine Power increases even further with skill level.,,,,Elf-Pri,,,,,,,,,
Empty Husk,Passive,,Has a fixed chance of evading an enemy's attack. The chance increases when armor is not worn.,Chance increases with skill level. This skill's Evasion is calculated separately from normal Accuracy calculations.,16,Ninja,,,,,,,,,,,
Encore,Passive,,"The user has a chance of being able to act again after using a non-attacking stat buff or stat debuff skill. During an encore, the user can take an action other than using the skill used immediately prior, but encores will not trigger consecutively. The chance decreases based on the number of times Encore has occurred during battle.",,,,,Linaria,,,,,,,,,
Enlightenment of the Brink of Death,Passive,,Increases Surety for the user and all adjacent evil allies.,Surety increases for the user and adjacent evil allies.,,,,Rinne,,,,,,,,,
Ephemeral Illusion Stance,Active,,"Assumes the Ephemeral Illusion Stance for 1 turn and performs a massive air-type physical attack on 1 enemy that bypasses their Defense Power. While in this stance, increases the user's Action Speed and increases damage taken, and the stance is removed if the user is attacked. Can only be performed once per battle when the user's HP falls below 30%.",Efficacy increases with skill level.,1,,"Samurai-specific, Katana/Odachi-specific",Shiou,,SP,24,32,40,56,80,108,156
ERLIK,Damage,,A minor earth-type spell attack on 1 enemy by hurling gravel.,Efficacy increases with skill level.,1,Mage,,,,MP,5,8,12,15,21,26,36
Eruption Strike,Active,TRUE,A moderate fire-type physical attack on 1 enemy. Increases Accuracy and damage when equipped with a two-handed blunt weapon.,Efficacy increases and Accuracy increases even further with skill level when equipped with a two-handed blunt weapon. Efficacy decreased if learned by someone other than Gerulf.,,,Close/mid-range weapon-specific,Gerulf,,SP,9,14,21,27,41,50,72
Essence of the Ninjato,Passive,,"When performing an attack based on Attack Power, increases Surety based on Evasion, and deals damage based on Attack Power/Evasion.","When making an attack that references Attack Power, Surety increases with Evasion, and damage is dealt based on Attack Power/Evasion.",,,Ninjato-specific,,,,,,,,,,
Even-Handed Guardian,Passive,,"When a neutral ally is positioned in front of or behind the user, damage taken is reduced for the user and/or that ally if it exceeds 50% of their respective max HP.","When a neutral ally is positioned in front or behind the user, damage is reduced for the user and/or that ally if it exceeds 50% of their respective max HP.",,,,,,,,,,,,,
Exploit Weakness,Active,,A moderate physical attack on 1 enemy that increases damage based on their number of status afflictions.,Efficacy increases and damage increases even further with skill level.,68,Thief,Thief-specific,,,SP,12,16,21,36,54,66,78
Eye of Kalshum,Passive,TRUE,"Passively increases Detect, and has a chance of nullifying enemy ambushes.",Detect/chance of nullifying ambush increase with skill level. Detect increase amount reduced and chance of ambush nullification decreased if learned by someone other than Yekaterina.,,,,Yekaterina,,,,,,,,,
Eye of the Hunter,Passive,,Increases Accuracy and damage dealt to aerial enemies.,"Damage to flying enemies increases, and Accuracy is increased.",,,,Ophelia,,,,,,,,,
Eyes of a Hero,Passive,,Increases Accuracy when equipped with a one-handed/two-handed sword.,Accuracy increases when equipped with a one-handed sword/two-handed sword.,,,,Eckart,,,,,,,,,
Eyes of the Hawk,Passive,,"While exploring, has a chance to sense various hazards and hidden elements based on Detect.",Has a chance to detect various hazards and hidden elements based on Detect while exploring.,44,Ranger,,,,,,,,,,,
Eyes That Know the Future,Passive,TRUE,"By glimpsing the future, the user can act against a dangerous situation. Has a chance of evading or reducing the first instance of damage taken by the user if it is 50% or more of their maximum HP.",Trigger chance increases with skill level. Trigger chance greatly decreased if learned by someone other than Shelirionach.,,,,Shelirionach,,,,,,,,,
Faith in the God of the Forge,Discipline,,"Passively increases all stats, with HP/Disarm Trap increased even further.",HP/Disarm Trap increase even further with skill level.,,,,Valdor,,,,,,,,,
Faith of the Wicked,Passive,,Increases Critical Tolerance/Insta-Kill Tolerance for the user and all adjacent evil allies.,Critical Tolerance/Insta-Kill Tolerance increase for the user and adjacent evil allies.,,,,Galina,,,,,,,,,
Feat of Swiftness,Passive,,Increases damage dealt the higher the user's Action Speed is relative to the opponent's if the attack target has not yet performed an action.,Damage dealt increases the higher the user's Action Speed is relative to the opponent's if the attack target has not yet performed an action.,,,,Abenius,,,,,,,,,
FERU,Damage,TRUE,A minor air-type spell attack on 1 enemy by launching an orb of wind.,Efficacy increases with skill level.,1,Mage,,Jarmil,,MP,5,8,12,15,21,26,36
Fire Demon's Brand,Passive,,"Passively increases all stats/Surety, with Attack Power increased even further.",Surety/Attack Power increase even further with skill level.,,,,Gerulf,,,,,,,,,
Fire Formation,Passive,,Increases damage dealt to air-type enemies for the user and all adjacent fire-type allies when 2 or more fire-type allies are deployed adjacent to the user.,,,,,Alex,,,,,,,,,
Fire Resistance Weakening,Debuff,,Decreases Fire Tolerance for 1 enemy row for 2 turns by whispering malicious things to any surrounding spirits. Chance of decreasing is based on Magic Power.,"Chance increases, fire-type Tolerance decreases even further, and the number of turns increases incrementally with skill level.",67,Mage,Mage/Tall Mage-specific,,,MP,10,14,20,26,36,50,66
Fire Type Thaumaturgy,Passive,,Reduces fire-type damage to the user.,Fire-type damage reduced even further with skill level.,55,Mage,,,,,,,,,,,
Fire-Kin Blessing,Passive,,Reduces fire-type damage for elves in the same row.,Fire-type damage reduced for elves in the same row.,,,,Eulalia,,,,,,,,,
First Arrow to Draw Blood,Active,TRUE,"A minor physical attack that easily hits 1 enemy. The enemy is Marked for 2 turns. When Marked status is removed due to the passage of turns, the user of this skill unleashes a physical attack on the Marked enemy that always hits and bypasses a set amount of their Defense Power. While Marked, increases damage based on the number of attacks that have hit.",Efficacy increases with skill level. Marked enemies have their Evasion/Action Speed decreased. This skill is unaffected by effect-extending skills. Efficacy/chance of Marking decreased if learned by someone other than Yrsa.,,,,Yrsa,,SP,9,14,20,26,39,48,68
Fist of God Stance,Active,,"Assumes Fist of God Stance and, by unleashing Fist of God after 1 turn, performs a major untyped spell attack on 1 enemy that has a chance of inflicting Paralyze. When taking a physical attack, evades and counters with Counter-Form: Fist of God, performs a massive untyped spell attack on the attacking enemy that greatly bypasses their Magic Defense and has a chance of inflicting Paralyze. Stance is canceled when hit by any other attack. Usable when a katana is equipped at the start of a turn.",Efficacy/chance increase with skill level.,1,Samurai of the Black Rod,"Samurai of the Black Rod-specific, Katana-specific",,,SP,20,30,42,54,68,82,100
Flame of Gluttony,Damage,TRUE,A moderate fire-type spell attack on 1 enemy that scales with the number of enemies.,Efficacy increases with skill level. Efficacy decreased if learned by someone other than Erwin.,,,,Erwin,,MP,12,16,21,36,54,66,78
Flame of Revolt,Discipline,,"Passively increases all stats, with Magic Power/Magic Defense increased significantly more.",Magic Power/Magic Defense increase even further with skill level.,,,,Yoizou,,,,,,,,,
Flame-Bearer,Support,,Imbues the equipped katana with a fire-type trait.,"If the weapon is already fire-type, damage when striking a weakness increases with skill level.",1/20/30/40,Samurai,"Samurai/Samurai of the Black Rod-specific, Katana/Odachi-specific",,,MP,4,6,9,12,18,22,32
Flawlessly Composed Warrior Princess,Passive,,"Passively increases all stats/Confusion Tolerance/Charm Tolerance/Critical Tolerance, with HP/Defense Power increased even further.",HP/Defense Power/Confusion Tolerance/Charm Tolerance/Critical Tolerance increase even further with skill level.,,,,Lanavaille,,,,,,,,,
Flickering Fang,Passive,,Increases damage to magical beasts and reduces damage from magical beasts.,Damage to magical beasts increases and damage taken from magical beasts decreases.,,,,Abenius,,,,,,,,,
Flutterdream Flash,Passive,TRUE,A minor physical attack on 1 enemy at the start of battle. Has a low chance of decreasing the target's Accuracy.,"Efficacy increases and Accuracy decrease amount increases with skill level. Chance of occurring decreased, and Damage/Accuracy decrease amount reduced, if learned by someone other than Abenius. Can stack with skills that have the same effect prior to inheritance.",,,,Abenius,,,,,,,,,
Flutterdream Flash - Lingering Mind,Passive,TRUE,"A minor physical attack on 1 enemy at the start of battle. Has a low chance of decreasing the target's Accuracy. Furthermore, it has a chance of dealing additional damage 1 or more times. The damage amount is reduced each time additional damage is dealt.","Efficacy increases and Accuracy decrease amount/additional damage amount increase with skill level. When this skill is inherited, Flutterdream Flash is inherited instead. This skill can be enhanced by inheriting Flutterdream Flash or Flutterdream Flash - Lingering Mind.",,,,Abenius,,,,,,,,,
Follow-Up Attack,Passive,TRUE,Has a chance of increasing the number of attacks when performing a normal attack.,Chance increases with skill level. Luck also affects the chance.,18,Fighter,,Elda,,,,,,,,,
Forest-Reading Huntcraft,Discipline,,"Passively increases all stats, with SP increased significantly more.",SP increases even further with skill level.,,,,Yrsa,,,,,,,,,
Formulation Craft,Passive,,Increases the restoration amount of healer medicinal compounds.,Restoration increase amount increases with skill level.,4,Healer,Healer-specific,,,,,,,,,,
FOROS,Damage,,A minor light-type spell attack on 1 enemy by launching an orb of light.,Efficacy increases with skill level.,1,Mage,,,,MP,5,8,12,15,21,26,36
Fortified Strike,Active,,A minor physical attack on 1 enemy based on Defense Power/Magic Defense.,Efficacy increases with skill level. Attacks 2 times.,54,Knight,Close/mid-range weapon-specific,,,SP,12,16,21,28,40,54,78
Foxfire Assault,Passive,,"For 3 turns from the start of battle, when attacking an enemy, Foxfire performs a minor physical attack that always hits, and increases damage taken by the enemy for 3 turns. Efficacy is based on Attack Power. If there are multiple attack targets, 1 is attacked at random. If damage is dealt to an enemy that is already Charmed, the Charm status is not cured.","For 3 turns from the start of battle, when attacking an enemy, Foxfire performs a minor physical attack that always hits, and adds damage taken by the enemy for 3 turns. Damage taken by the enemy increases for 3 turns. Efficacy is based on Attack Power. If there are multiple attack targets, 1 is attacked at random. If damage is dealt to an enemy that is already Charmed, the Charm status is not cured.",,,,Yuzunamiki,,,,,,,,,
Freeze-Averting Incense,Active,,"The spicy fragrance of cinnamon raises body temperature, and for a set duration, allies are prevented from becoming afflicted with Chill/Freeze 2 times.","Effect duration increases, and the number of times Chill/Freeze are prevented increases incrementally with skill level. Cannot be used in places with water at the user's feet or underwater.",66,Healer,Healer-specific,,,SP,6,8,12,18,32,36,48
Frontier Survivalcraft,Discipline,,"Passively increases all stats, with SP increased significantly more.",SP increases even further with skill level.,,,,Elise,,,,,,,,,
Frugal Faith,Passive,,Passively reduces the MP/SP expenditure of priest spells/skills that cost 3-10 MP/SP.,MP/SP expenditure of priest spells/skills that cost 3-10 MP/SP passively reduced.,,,,Marianne,,,,,,,,,
Fulfillment of Loyalty,Discipline,,"Passively increases all stats, with HP/Attack Power increased even further.",HP/Attack Power increase even further with skill level.,,,,Bugen,,,,,,,,,
Full Mastery: Ephemeral Illusion Style,Active,,"A massive air-type physical attack on 1 enemy that bypasses their Defense Power. Can be performed after the user has taken 4 actions during a battle. Each time the user is attacked, the number of actions required before it can be performed increases by 1. Can only be performed once per battle.",Efficacy increases with skill level.,,,"Samurai-specific, Katana/Odachi-specific",Shiou,,SP,25,33,41,57,81,109,157
Full Power Strike,Active,TRUE,A major physical attack that easily hits 1 enemy after gathering power.,Efficacy increases with skill level.,54,Fighter,Fighter/Dark Knight of Bastok/Priestess of the Far East-specific,Elda,,SP,12,16,21,28,40,54,78
Future Dreamt with the Skull,Discipline,,"Passively increases all stats/Skill-Bind Tolerance/Spell-Bind Tolerance, with MP increased even further.",MP/Skill-Bind Tolerance/Spell-Bind Tolerance increase even further with skill level.,,,,Yekaterina,,,,,,,,,
Gale,Passive,,Increases the user's Attack Power for 2 turns when evading enemy attacks.,Attack Power increases even further with skill level.,20,Ninja,,,,,,,,,,,
Gary the Brave's Charge,Bondmate,,Passively increases Evasion.,Evasion increases even further with skill level.,,,,Bondmate,,,,,,,,,
Gate of Tartarus,Damage,,"Usable when equipped with a Claustrum. Major untyped spell attack on 1 enemy. Chance to decrease the Attack Power of 1 enemy for 3 turns, and continuously restores minor MP to the wielder for 3 turns. This skill is unaffected by duration-extending skills.",,,,,,,MP,35,,,,,,
Gentle Healthmender,Discipline,,"Passively increases all stats, with Evasion/Resistance increased even further.",Evasion/Resistance increase even further with skill level.,,,,Yekaterina,,,,,,,,,
Getting by Among Woods or People,Discipline,,"Passively increases all stats, with Accuracy/Magic Power increased even further.",Accuracy/Action Speed increase even further with skill level.,,,,Heinrico,,,,,,,,,
Gift of Spell Genius,Discipline,,"Passively increases all stats, with MP increased significantly more.",MP increases even further with skill level.,,,,Flut,,,,,,,,,
Glue Bomb,Active,,A minor physical attack on 1 enemy that decreases their Evasion. The chance/efficacy of decreasing Evasion are based on Dexterity.,Chance/efficacy increase and Evasion decreases even further with skill level.,27,Thief,,,,SP,3,4,7,9,18,21,24
Gnawing Doubt,Passive,,Increases damage to demi-humans and reduces damage from demi-humans.,Damage to demi-humans increases and damage taken from demi-humans is reduced.,,,,Gaston,,,,,,,,,
Grace of the Dark One,Passive,TRUE,Has a chance of restoring expended MP/SP by up to 40 when using a spell/skill.,Chance to restore MP/SP increases with skill level. Chance to restore MP/SP decreases if learned by someone other than Alice.,,,,Alice,,,,,,,,,
Grace of the Great Tree,Passive,,Increases Magic Power/Magic Defense when equipped with a two-handed staff.,Magic Power/Magic Defense increase when equipped with a two-handed staff.,,,,Flut,,,,,,,,,
Grand Burial ERLIK,Damage,TRUE,"A moderate earth-type spell attack on 1 enemy that inflicts Stun by scattering heavy stone fragments as if to bury the dead. Chance of inflicting stun is based on Magic Power. If the attacked opponent is undead, damage is increased and the Stun chance increases.",Efficacy/chance increase with skill level. Efficacy/chance decreased if learned by someone other than Yekaterina.,,,,Yekaterina,,MP,16,21,28,37,52,68,96
Ground Strike,Active,,A moderate dark-type physical attack on 1 enemy that bypasses their Defense Power.,Efficacy increases with skill level.,60,Dark Knight of Bastok,,,,SP,7,10,14,19,26,35,50
Guard Experience,Passive,,Passively reduces the MP/SP expenditure of fighter spells/skills that cost 3-10 MP/SP.,MP/SP expenditure of fighter spells/skills that cost 3-10 MP/SP passively reduced.,,,,Gandolfo,,,,,,,,,
Guardian Blow,Active,,A major physical attack on 1 enemy based on Defense Power/Magic Defense. Increases the user's Defense Power/Magic Defense for 3 turns.,"Efficacy increases with skill level, with Defense Power/Magic Defense increase even further.",64,Knight,Heavy Shield-specific,,,SP,18,24,32,43,61,81,117
Guardian of the Water's Source,Discipline,,Passively increases all stats/Surety/Stun Tolerance.,Surety/Stun Tolerance increase even further with skill level.,,,,Livana,,,,,,,,,
HALITO,Damage,,A minor fire-type spell attack on 1 enemy by launching a fireball.,Efficacy increases with skill level.,1,Mage,,,,MP,5,8,12,15,21,26,36
Hamanoha,Passive,,Passively increases damage to demons/Kindred demons and reduces damage taken from demons/Kindred demons.,"Damage to demons/Kindred demons increases even further, and damage taken from demons/Kindred demons is reduced even further with skill level.",48,Priestess of the Far East,Priestess of the Far East-specific,,,,,,,,,,
Hamstring,Active,,A minor physical attack on all enemies in the forwardmost enemy row. Has a chance of delaying the target's action for 1 turn. Usable when an odachi is equipped at the start of a turn.,Efficacy increases and action delayed even further with skill level. Has no effect on enemies that are not touching the ground.,28,Samurai,"Samurai/Samurai of the Black Rod-specific, Odachi-specific",,,SP,14,18,24,32,46,63,91
Hasso,Passive,,Passively increases Action Speed/Accuracy.,Action Speed/Accuracy increase even further with skill level.,10,Priestess of the Far East,Priestess of the Far East-specific,,,,,,,,,,
Healing Activation Incense,Active,,"The sweet fragrance of musk soothes the body, and for a set duration, HP restoration provided by healing skills, healing spells, healer medicinal compounds, and items used by allies is increased 2 times. Decreases the Resistance of all allies while the incense smoke lingers.","Restoration increase amount/effect duration increase, and the number of increases incrementally with skill level. Cannot be used in places with water at the user's feet or underwater.",23,Healer,Healer-specific,,,SP,5,7,11,16,23,30,38
Heavy Attack,Active,TRUE,A moderate physical attack that easily hits 1 enemy.,Efficacy increases with skill level.,4,Fighter,,Gandolfo,,SP,5,8,12,15,23,28,40
Helping Uphold Justice,Passive,,"Increases skill/spell damage dealt to enemies for good or neutral allies in the same row, excluding the user.","Skill/spell damage dealt to enemies by good or neutral allies in the same row increased, excluding the user.",,,,Anemone,,,,,,,,,
Heretical Blessing,Passive,,Reduces damage taken from enemies for all allies in the same row when only evil or neutral allies are deployed in the same row.,Reduces damage taken from enemies for everyone in the row when only evil or neutral allies are deployed in the same row.,,,,,,,,,,,,,
Hero's Medicine,Support,TRUE,"Increases the Attack Power of front-line allies for 4 turns using a medicinal compound that forcibly draws out power, and once the effect ends, they become fatigued and Action Speed is reduced based on the number of times the effect was applied, lasting for 3 turns. Attack Power is increased further while in a continuous recovery/reactive healing state. If used again while the effect is active, the effect is extended by 2 turns.",Attack Power increase amount increases with skill level. Can also be used underwater. This skill is unaffected by effect-extending skills. Attack Power increase amount/extended turn count reduced if learned by someone other than Anemone.,,,,Anemone,,MP,7,9,13,17,24,32,46
Hiding,Active,TRUE,Makes the user hidden and increases multiple abilities.,Multiple abilities increase even further and Hidden status removal rate decreases with skill level.,9,Thief,Thief-specific,Viviana,,SP,2,3,4,6,11,12,16
High Lady Ever on the Battlefield,Discipline,,"Passively increases all stats/Surety, with Attack Power increased even further.",Surety/Attack Power increase even further with skill level.,,,,Abenius,,,,,,,,,
Honest Living,Passive,,Increases Curse Tolerance/Skill-Bind Tolerance/Fear Tolerance for the user and all adjacent good allies.,Curse Tolerance/Skill-Bind Tolerance/Fear Tolerance increase for the user and adjacent good allies.,,,,Olive,,,,,,,,,
Hot-Blooded Adventurer,Discipline,,"Passively increases all stats/Poison Tolerance, with Evasion increased even further.",Poison Tolerance/Evasion increase even further with skill level.,,,,Gaston,,,,,,,,,
Human Fighter Discipline,Discipline,,Passively increases all stats.,Attack Power increases even further with skill level.,,,,Human-Fig,,,,,,,,,
Human Priest Discipline,Discipline,,Passively increases all stats.,MP increases even further with skill level.,,,,Human-Pri,,,,,,,,,
Human Samurai Discipline,Discipline,,Passively increases all stats.,Attack Power increases even further with skill level.,,,,Human-Sam,,,,,,,,,
Hundred Fists,Passive,,Increases Action Speed for 2 turns during a normal attack.,Action Speed increases even further with skill level.,6,Abhorrent One of Tavnazia,Abhorrent One of Tavnazia-specific,,,,,,,,,,
Ichimonji Slash,Active,,A moderate physical attack on all enemies in the forwardmost enemy row. Increases damage taken by the user and makes the user more easily targeted by all enemies for 1 turn. Usable when an odachi is equipped at the start of a turn.,Efficacy/damage taken/the chance of becoming even more easily targeted increase even further with skill level. This skill is unaffected by effect-extending skills.,48,Samurai,"Samurai/Samurai of the Black Rod-specific, Odachi-specific",,,SP,20,27,33,47,67,90,130
Illusory Mist,Active,,Has a high chance of greatly decreasing the Accuracy of all enemies for 2 turns with fog that robs them of their sight.,Chance increases and Accuracy decreases even further with skill level.,9,Ninja,,,,SP,10,13,18,24,34,45,65
Immortal Strike,Active,TRUE,A minor physical attack on 1 enemy. Restores minor HP to the user.,Efficacy and restoration amount increase with skill level.,51,Fighter,,,"Gaston, Olive",SP,8,12,19,24,36,44,64
Impartial Collaborator,Passive,,Increases damage dealt to enemies for the user and the ally in front or behind when that ally is neutral.,,,,,Elise,,,,,,,,,
Impetus,Passive,,"Increases Attack Power/Surety based on the number of close-range attacks that hit. This stat buff can stack up to 10 times, with Attack Power/Surety increased even further. All stacks are removed if an attack misses.",Attack Power/Surety increase even further with skill level.,65,Abhorrent One of Tavnazia,Abhorrent One of Tavnazia-specific,,,,,,,,,,
Incense Layering Craftwork,Passive,,Allows up to 3 incense to be placed at the same time.,The maximum number of incense that can be used simultaneously increases with skill level.,25,Healer,Healer-specific,,,,,,,,,,
Inheritor of the Secret Arts,Discipline,,"Passively increases all stats/Surety, with Accuracy increased even further.",Surety/Accuracy increase even further with skill level.,,,,Rinne,,,,,,,,,
Innocent Fanaticism,Passive,TRUE,"Adds 1 consecutive turn to stat buffs/debuffs skills/spells cast by the user. Furthermore, MP/Piety are passively increased.","MP/Piety increase even further, and the number of turns for which the effect persists incrementally increases even further with skill level. When this skill is inherited, Blessing of Agora is inherited instead. This skill can be enhanced by inheriting Blessing of Agora or Innocent Fanaticism.",,,,Alice,,,,,,,,,
Instruction in Inner Stillness,Discipline,,"Passively increases all stats/Surety, with Attack Power increased even further.",Attack Power/Surety increase even further with skill level.,,,,Shiou,,,,,,,,,
Interpersonal Combat Technique,Passive,,Increases damage dealt to humanoids and reduces damage taken from humanoids.,Damage to humanoids increases and damage taken from humanoids decreases.,,,,Chloe,,,,,,,,,
Ira's Divine Protection,Bondmate,,Passively increases Divine Power.,Divine Power increases even further with skill level.,,,,Bondmate,,,,,,,,,
KANTIOS,Debuff,,Has a chance of Confusing 1 enemy row by using the power of chaos to rob a wide area of their sense of self.,Chance increases and Confusion is made harder to cure with skill level.,34,Mage,,,,MP,4,6,9,12,18,22,28
KATINO,Debuff,TRUE,Has a chance of inflicting Sleep on 1 enemy row by conjuring fumes over a wide area that lull them into slumber.,Chance increases and Sleep is made harder to cure with skill level.,3,Mage,,Asha,,MP,4,6,9,12,18,22,28
Killing Blow,Active,,"A minor physical attack that easily hits 1 enemy. When an enemy is defeated with this skill, there is a chance that the number of uses for specific skills or traps will be restored after combat. If the opponent is not defeated with this skill, inflicts Anger on the attacked opponent for 4 turns.",Chance of replenishing traps increases with skill level. The traps for which uses are replenished depend on the type of enemy. Angered enemies have their efficacy greatly increased when attacking. Angered status is unaffected by effect-extending skills.,54,Ranger,,,,SP,3,5,7,9,12,15,19
KINAPIC,Support,TRUE,Increases the Resistance of 1 ally row for 3 turns by calling upon the power of the gods.,Resistance increases even further and the number of turns increases incrementally with skill level.,20,Priest,,,Valdor,MP,3,4,7,9,13,16,24
King's Disposition,Discipline,,"Passively increases all stats, with Accuracy/Stun Tolerance increased even further.",Accuracy/Stun Tolerance increase even further with skill level.,,,,Arboris,,,,,,,,,
Knight of Shadow,Discipline,,"Passively increases all stats, with Defense Power/Action Speed increased even further.",Defense Power/Action Speed increase even further with skill level.,,,,Gerard,,,,,,,,,
Knight's Creed,Discipline,,"Passively increases all stats/Stun Tolerance, with Attack Power increased even further.",Attack Power/Stun Tolerance increase even further with skill level.,,,,Eckart,,,,,,,,,
Knight's Defense,Active,,Reduces all damage taken by all allies for 1 turn.,Damage reduced even further with skill level. This skill is unaffected by effect-extending skills.,51,Knight,Knight-specific,,,SP,20,27,36,48,68,90,130
Knight's Oath,Discipline,,"Passively increases all stats, with SP/Resistance increased even further.",SP/Resistance increase even further with skill level.,,,,Clarissa,,,,,,,,,
Knights of Round,Active,,Usable when equipped with an Excalibur [XI]. Major physical attack with high Accuracy on 1 enemy. Continuously restores minor HP to the wielder for 3 turns. This skill is unaffected by duration-extending skills.,,,,,,,SP,31,,,,,,
Knowledge of Adventurers,Discipline,,"Passively increases all stats, with Attack Power/Detect increased even further.",Attack Power/Detect increase even further with skill level.,,,,Olive,,,,,,,,,
Knowledge of the Millennial Lord,Passive,,Passively reduces the MP/SP expenditure of mage spells/skills that cost 3-10 MP/SP.,MP/SP expenditure of mage spells/skills that cost 3-10 MP/SP passively reduced.,,,,Adam,,,,,,,,,
Kunoichi Self-Discipline,Discipline,,Passively increases all stats.,Action Speed increases even further with skill level.,,,,Human-Nin,,,,,,,,,
KUSFIS,Support,TRUE,Cures 1 ally of Skill-Bind/Spell-Bind through chanted words of prayer.,Resistance increase/HP restoration added incrementally and effect range expands with skill level. Resistance increases even further and restoration amount increases.,27,Priest,,,Galina,MP,4,6,9,12,25,30,56
LACONES,Damage,,A moderate untyped spell attack on all enemies by launching countless orbs of magic power.,Efficacy increases with skill level.,40,Mage,Mage/Mage of the Black Rod-specific,,,MP,30,45,65,85,115,140,165
LAERLIK,Damage,,A moderate earth-type spell attack on all enemies by causing giant shards of stone to erupt from the ground.,Efficacy increases with skill level.,40,Mage,Mage-specific,,,MP,27,40,65,80,100,120,140
LAFERU,Damage,,A moderate air-type spell attack on all enemies by generating a giant tornado that shears everything.,Efficacy increases with skill level.,40,Mage,Mage-specific,,,MP,27,40,65,80,100,120,140
LAFOROS,Damage,,A moderate light-type spell attack on all enemies by generating a shower of countless lights.,Efficacy increases with skill level.,40,Mage,Mage-specific,,,MP,27,40,65,80,100,120,140
LAHALITO,Damage,,A moderate fire-type spell attack on all enemies by generating a giant pillar of fire that incinerates everything.,Efficacy increases with skill level.,40,Mage,Mage/Tall Mage-specific,,,MP,27,40,65,80,100,120,140
LAMIGAL,Damage,,A moderate water-type spell attack on all enemies by generating a giant water current that engulfs everything.,Efficacy increases with skill level.,40,Mage,Mage-specific,,,MP,27,40,65,80,100,120,140
Last Resort,Active,,Increases the user's Attack Power and decreases Defense Power for 4 turns.,Attack Power increases even further with skill level.,10,Dark Knight of Bastok,Dark Knight of Bastok-specific,,,SP,6,9,14,18,27,33,48
Latent Power of Benevolence,Passive,,"During battle, the lower the remaining HP of the target being healed, the more the healing amount of the user's restorative spells/skills is increased.",,,,,Camille,,,,,,,,,
LATUMAPIC,Support,,"Analyzing an enemy with enhanced eyes, the name of the nearest wandering enemy becomes known. In battle, the race and type of one enemy can be differentiated.",Effect changes with skill level.,20,Ranger,Ranger-specific,,,MP,3,3,,,,,
LATUMOFIS,Support,TRUE,Cures 1 ally of Poison through chanted words of prayer.,Resistance increase/Critical Poison cure/HP restoration added incrementally and effect range expands with skill level. Resistance increases even further and restoration amount increases.,6,Priest,,Marianne,,MP,3,4,7,9,25,30,56
LAZELOS,Damage,,A moderate dark-type spell attack on all enemies by creating an immense mass of hatred.,Efficacy increases with skill level.,40,Mage,Mage-specific,,,MP,27,40,65,80,100,120,140
Life Siphon,Active,,A minor untyped mid-range spell attack on 1 enemy that siphons HP. Efficacy is based on Magic Power/Divine Power. Restores HP to the user based on damage.,Efficacy increases with skill level. Restores the user's HP based on damage.,56,Healer,,,,SP,5,8,12,15,23,28,40
Life-Binding Tincture,Support,,Places 1 ally into a post-death resurrection state for 2 turns in which they are resurrected upon death using a fortifying medicinal compound imbued with a technique that reacts to fading life.,"Restoration amount when reviving increases, and the number of turns increases incrementally with skill level. May not revive if Fortitude is reduced or after dying multiple times. Will not be revived if killed by damage from a failed Right Hand of Reversal. Can also be used underwater.",46,Healer,Healer-specific,,,MP,7,12,18,24,32,41,52
Light Resistance Weakening,Debuff,,Decreases Light Tolerance for 1 enemy row for 2 turns by whispering malicious things to any surrounding spirits. Chance of decreasing is based on Magic Power.,"Chance increases, light-type Tolerance decreases even further, and the number of turns increases incrementally with skill level.",67,Mage,Mage-specific,,,MP,10,14,20,26,36,50,66
Light Shaft's Radiance,Passive,,"Increases damage dealt to enemies for the user and the light-type ally in front or behind when that ally is light-type, with further to damage dealt to dark-type enemies.","Increases damage dealt to enemies for the user and the ally in front or behind when that ally is light-type, with damage dealt to dark-type enemies increasing even further.",,,,Adam,,,,,,,,,
Light Type Thaumaturgy,Passive,,Reduces light-type damage to the user.,Light-type damage reduced even further with skill level.,55,Mage,,,,,,,,,,,
Light-Kin Blessing,Passive,,Reduces light-type damage for elves in the same row.,Light-type damage reduced for elves in the same row.,,,,Emil,,,,,,,,,
Lightning Celerity,Passive,,Increases Evasion when equipped with a one-handed sword.,Evasion increases when equipped with a one-handed sword.,,,,Gerard,,,,,,,,,
Line Cover,Active,,Has a chance of intercepting single-target attacks received by 1 ally row for 1 turn.,"Defense Power increase added incrementally, number of turns increases, and chance/Defense Power increase even further with skill level.",20,Knight,Knight-specific,,,SP,4,6,9,12,18,22,32
Lingering Blossom,Active,TRUE,Increases Attack Power/Surety for 3 turns. Makes the user more easily targeted by enemies for 1 turn and gives a chance to cheat death with 1 HP when taking fatal damage. Increases the user's Evasion/Attack Power/Surety for 4 turns when the user cheats death.,"Chance of becoming more easily targeted/Evasion/Attack Power/Surety increase even further with skill level. Chance of cheating death/chance of becoming more easily targeted greatly decreased, and Evasion/Attack Power/Surety increase amount reduced, if learned by someone other than Shiou.",1,,,Shiou,,SP,12,19,28,36,55,67,96
"Linked Steps, Relentless Assault",Passive,,Increases damage when attacking as the next action after defeating an enemy.,Damage increases even further with skill level.,70,Ninja,Ninja-specific,,,,,,,,,,
LITOKAN,Damage,TRUE,A moderate fire-type spell attack on 1 enemy row by igniting a pillar of fire. Efficacy is based on Divine Power. Has a chance of inflicting Fire Resistance Weakening for 2 turns based on Divine Power.,Efficacy/Fire Resistance Weakening effect increase even further with skill level. Efficacy/Fire Resistance Weakening effect decreased if learned by someone other than Ainikki.,,,,Ainikki,,MP,14,19,26,35,50,66,94
Locksmith's Craft,Discipline,,"Passively increases all stats, with Evasion/Disarm Trap increased even further.",Evasion/Disarm Trap increase even further with skill level.,,,,Jean,,,,,,,,,
Lord of the Deep Forest's Leadership,Passive,,Increases Evasion/Action Speed for the user and all adjacent evil and neutral allies.,Evasion/Action Speed increase for the user and adjacent evil and neutral allies.,,,,Arboris,,,,,,,,,
Lord of the Malefic Star,Discipline,,"Passively increases all stats, with HP/Charm Tolerance increased even further.",HP/Charm Tolerance increase even further with skill level.,,,,Arboris,,,,,,,,,
Lucent MAFOROS,Damage,TRUE,"A moderate light-type spell attack on 1 enemy row by infusing MAFOROS with even more magic power and launching even stronger, more dazzling orbs of light. Has a chance of decreasing Accuracy for 3 turns. If the attacked opponent is dark-type, increases the Damage/Accuracy decrease amount, and the chance increases.","Efficacy/chance increase and Accuracy decrease amount increases with skill level. Efficacy/chance decreased, and Accuracy decrease amount reduced, if learned by someone other than Adam.",,,,Adam,,MP,14,19,26,35,50,66,94
Luring Fang of the Black Beast,Active,TRUE,A moderate physical attack on 1 enemy. Efficacy is based on Attack Power/Evasion. Has a chance of becoming more easily targeted by the target for 3 turns.,Efficacy increases and the user is made even more easily targeted with skill level. Efficacy/chance of becoming more easily targeted decreased if learned by someone other than Savia.,,,,Savia,,SP,10,13,19,31,50,61,72
MABADIOS,Damage,,"A minor light-type spell attack on 1 enemy row based on Divine Power, evoked with a sacred prayer. Increases damage to undead.",Efficacy increases with skill level.,62,Priest,,,,MP,10,14,20,26,36,50,66
MACALDIA,Support,TRUE,Increases the Accuracy/Surety of 1 ally row for 3 turns by expanding their surrounding field of vision.,Accuracy/Surety increase even further and the number of turns increases incrementally with skill level.,,,,Daniel,,MP,3,4,7,9,16,18,24
MACONES,Damage,,A minor untyped spell attack on 1 enemy row by launching an orb of magic that emits a shockwave.,Efficacy increases with skill level.,9,Mage,,,,MP,12,18,26,36,48,69,78
MADALTO,Damage,,A minor untyped spell attack on 1 enemy row by whipping up a chilling blizzard gale. Has a chance of Chilling the target based on Magic Power.,"Efficacy/chance increase with skill level. If already Chilled, the effect will progress further.",64,Mage,,,,MP,12,18,26,36,48,69,78
MADI,Support,,Cures 1 ally of Poison/Sleep/Stun/Paralysis and restores major HP by enveloping them in blessed light.,HP restoration amount increases with skill level. Status affliction types added incrementally.,53,Priest,,,,MP,14,18,25,33,56,70,91
MADIOS,Support,TRUE,Restores minor HP to 1 ally row through chanted words of great blessing.,Restoration amount increases with skill level.,12,Priest,,Emil,,MP,10,15,20,26,34,46,60
MAERLIK,Damage,,A minor earth-type spell attack on 1 enemy row by dropping rocks.,Efficacy increases with skill level.,9,Mage,,,,MP,10,14,20,26,36,50,66
MAFERU,Damage,TRUE,A minor air-type spell attack on 1 enemy row by launching a giant blade of wind.,Efficacy increases with skill level.,9,Mage,,,Jarmil,MP,10,14,20,26,36,50,66
MAFOROS,Damage,,A minor light-type spell attack on 1 enemy row by launching scattered orbs of light.,Efficacy increases with skill level.,9,Mage,,,,MP,10,14,20,26,36,50,66
Mage of the Black Rod,Passive,,"At the start of the turn, increases Attack Power/Defense Power/Accuracy/Evasion when the user is in the front row, and increases Magic Power/Magic Defense/Resistance when in the back row. Additionally, increases the user's Attack Power/Defense Power/Magic Defense/Accuracy when equipped with a one-handed staff/one-handed sword.","At the start of the turn, Attack Power/Defense Power/Accuracy/Evasion increase when the user is in the front row, and Magic Power/Magic Defense/Resistance increase when in the back row. Additionally, user's Attack Power/Defense Power/Magic Defense/Accuracy increase when equipped with a one-handed staff/one-handed sword.",,,,Iarumas,,,,,,,,,
Magic Defense Bonus,Passive,,Passively increases Magic Defense.,Magic Defense increases even further with skill level.,,,Abhorrent One of Tavnazia-specific,,,,,,,,,,
Magic Detection,Passive,,Passively increases Detect.,Detect increases even further with skill level.,70,Mage,Mage/Mage of the Black Rod/Tall Mage-specific,,,,,,,,,,
Magic Guard,Passive,,Increases Magic Defense when equipped with heavy armor or a heavy shield.,Magic Defense increases even further with skill level.,70,Knight,Knight-specific,,,,,,,,,,
Magic of The Dark One,Discipline,,"Passively increases all stats, with Divine Power/Magic Defense increased even further.",Divine Power/Magic Defense increase even further with skill level.,,,,Alice,,,,,,,,,
Magical Being Knowledge,Passive,,Increases damage to magical beings and reduces damage from magical beings.,Damage to magical beings increases and damage taken from magical beings is reduced.,,,,Dino,,,,,,,,,
MAHALITO,Damage,TRUE,A minor fire-type spell attack on 1 enemy row by launching a blazing fireball.,Efficacy increases with skill level.,9,Mage,,Asha,,MP,10,14,20,26,36,50,66
MAKALKI,Support,,"Prevents 1 ally row from receiving status afflictions 1 time for 2 turns, enveloping them in divine light.",This skill is unaffected by effect-extending skills.,65,Priest,Priest/Silver-Haired Nun-specific,,,MP,15,,,,,,
MAKALTU,Support,TRUE,Increases the Defense Power of 1 ally row for 3 turns by generating a wall of magic power around them.,Defense Power increases even further and the number of turns increases incrementally with skill level.,22,Priest,,Valdor,,MP,5,7,9,11,18,20,26
MAKANITO,Damage,,Has a chance of suffocating 1 enemy row by contaminating the air.,Chance increases with skill level. Chance increases if the enemy's level is a set amount lower than the caster's.,51,Mage,,,,MP,15,20,27,36,51,67,97
Malefic Wind,Damage,,A moderate untyped spell attack on 1 enemy row by enveloping the area in highly concentrated magic power. Removes 1 stat buff from 1 enemy row.,Efficacy increases and the number of removals increases incrementally with skill level. Only stat buffs with a turn duration can be removed.,61,Mage,,,,MP,27,40,65,80,100,120,140
MAMIGAL,Damage,TRUE,A minor water-type spell attack on 1 enemy row by launching a torrent of water.,Efficacy increases with skill level.,9,Mage,,,Flut,MP,10,14,20,26,36,50,66
Manipulation-Averting Incense,Active,,"The subtle, profound fragrance of agarwood grants a deep calming effect, and for a set duration, allies are prevented from becoming afflicted with Fear/Confusion/Charm 2 times.","Effect duration increases, and the number of times Fear/Confusion/Charm are prevented increases incrementally with skill level. Cannot be used in places with water at the user's feet or underwater.",30,Healer,Healer-specific,,,SP,6,8,12,18,32,36,48
MAPORFIC,Support,,Reduces damage taken by 1 ally row for 8 turns by creating a magic shield.,Number of turns increases with skill level.,,,,,,MP,40,,,,,,
MAREIN,Damage,,"A radiance of mourning for the dead shines down, annihilating undead enemies in 1 enemy row. Chance of annihilating is based on Divine Power.",Chance increases with skill level.,15,Priest,,,,MP,10,13,18,24,34,45,65
Martial Arts,Passive,,Passively increases Action Speed.,Action Speed increases even further with skill level.,3,Abhorrent One of Tavnazia,Abhorrent One of Tavnazia-specific,,,,,,,,,,
MASOLOTU,Support,,Increases the Evasion of 1 ally row for 3 turns by conjuring an apparition.,Evasion increases even further and the number of turns increases incrementally with skill level.,3,Priest,,,,MP,3,4,7,9,16,18,24
Master of the Hunt,Discipline,,"Passively increases all stats, with Attack Power/Action Speed increased even further.",Attack Power/Action Speed increase even further with skill level.,,,,Philip,,,,,,,,,
Max HP Boost,Passive,,Passively increases HP.,HP increases even further with skill level.,15,Abhorrent One of Tavnazia,Abhorrent One of Tavnazia-specific,,,,,,,,,,
Max HP Boost II,Passive,,Passively increases HP.,HP increases even further with skill level.,51,Abhorrent One of Tavnazia,Abhorrent One of Tavnazia-specific,,,,,,,,,,
MAZELOS,Damage,,A minor dark-type spell attack on 1 enemy row by generating a massive amount of spite.,Efficacy increases with skill level.,9,Mage,,,,MP,10,14,20,26,36,50,66
Mel the Thief's Trap Decipher,Passive,,Passively increases Disarm Trap.,Disarm Trap increases even further with skill level.,,,,Bondmate,,,,,,,,,
Mental Unity,Active,,Increases the damage of the user's spell attacks that expend MP for 4 turns.,Damage increase amount increases even further with skill level.,22,Mage,,,,SP,6,8,14,18,26,32,48
Merciless Assassin,Discipline,,"Passively increases all stats, with Attack Power/Action Speed increased even further.",Attack Power/Action Speed increase even further with skill level.,,,,Rinne,,,,,,,,,
Mercy Stroke,Active,,Usable when equipped with a Mandau. Major physical attack with high Accuracy on 1 enemy. Increases own Surety for 3 turns. This skill is unaffected by duration-extending skills.,,,,,,,SP,31,,,,,,
Midsummer Valor,Discipline,,"Passively increases all stats/Surety, with SP increased even further.",SP/Surety increase even further with skill level.,,,,Chloe,,,,,,,,,
MIGAL,Damage,TRUE,A minor water-type spell attack on 1 enemy by launching an orb of water.,Efficacy increases with skill level.,1,Mage,,Flut,,MP,5,8,12,15,21,26,36
MILWA,Support,,"Calls into being a light that illuminates the surroundings, expanding visibility during exploration until a certain distance is traveled. Decreases the caster's Action Speed and the Flee success rate of all allies at the start of battle.",The distance over which the effect persists increases at specific levels. The surroundings become slightly visible even in areas where the corresponding map is unavailable at specific levels.,7,Ranger,,,,MP,5,8,15,,,,
Miracle of Faith,Passive,,Increases Magic Defense when wearing light armor.,Magic Defense increases when wearing light armor.,,,,Valdor,,,,,,,,,
Mirage Hunting,Active,TRUE,A moderate physical attack that easily hits 1 enemy. Increases Surety/Surety damage the higher the user's Evasion is.,Efficacy/Surety/Surety damage increase with skill level. Efficacy decreased if learned by someone other than,,,,Debra,,SP,10,13,18,30,45,55,65
Mist of Reversal Stance,Active,,"Assumes the Mist of Reversal Stance for 1 turn. Reduces damage taken from spell attacks while in a stance. Increases Magic Power for 5 turns based on the amount of spell damage taken. Upon taking an attack, the stance is removed.",Damage taken reduced even further and Magic Power increases even further with skill level.,64,Samurai,"Samurai/Samurai of the Black Rod-specific, Katana-specific",,,SP,2,4,6,8,10,12,14
Moment of Finality,Active,TRUE,"Unleashes the blasting spell contained within a charm, launching an untyped spell attack on 1 enemy row that bypasses Magic Defense. Efficacy is based on Attack Power.",Efficacy increases and Magic Defense bypassed even further with skill level. Efficacy decreases if learned by someone other than Rinne.,,,,Rinne,,SP,15,20,27,36,51,67,95
Monolith-Bearer,Support,,Imbues the equipped katana with an earth-type trait.,"If the weapon is already earth-type, damage when striking a weakness increases with skill level.",1/20/30/40,Samurai,"Samurai/Samurai of the Black Rod-specific, Katana/Odachi-specific",,,MP,4,6,9,12,18,22,32
MONTINO,Debuff,TRUE,Has a chance of inflicting Spell-Bind on 1 enemy row by enveloping a wide area in silence.,Chance increases with skill level.,27,Mage,,Dino,,MP,3,4,7,9,16,18,24
Moonfall Upon the Mirror-Mere,Active,,"A moderate, water-type physical attack on 1 enemy in the frontmost row. Efficacy is not decreased even when used from the back row. Deals reduced damage based on distance to enemies in the same column as the attacked opponent.",Efficacy increases with skill level. Efficacy is decreased if learned by someone other than Livana.,,,,Livana,,SP,10,15,22,29,44,53,76
Moonlit Pool of the White Daemon,Active,,"A moderate water-type physical attack on 1 enemy, ignoring distance modifiers. Has a chance of inflicting Spell-Bind and decreasing Magic Power.","Efficacy increases, chance increases even further, and Magic Power decreases even further with skill level. Efficacy/chance of inflicting Spell-Bind/chance of decreasing Magic Power decrease if learned by someone other than Livana. Can stack with inherited skills that have the same effect.",,,,Livana,,SP,9,14,21,27,41,50,72
MORLIS,Debuff,,Has a chance of decreasing the Defense Power of 1 enemy row for 3 turns by conjuring a widespread mist of acid.,"Chance increases, Defense Power decreases even further, and the number of turns increases incrementally with skill level.",24,Mage,,,,MP,3,4,7,9,16,18,24
Mudd's Caution,Passive,,Passively increases Detect.,Detect increases even further with skill level.,,,,Bondmate,,,,,,,,,
Mutual Interests,Passive,,Increases damage dealt to enemies for the user and the ally in front or behind when that ally is evil.,,,,,Milana,,,,,,,,,
Mysta Energy Manipulation,Passive,,Increases Magic Power when equipped with a yoto.,Magic Power increases even further with skill level.,70,Samurai,Samurai/Samurai of the Black Rod-specific,,,,,,,,,,
Namas Arrow,Active,,Usable when equipped with a Yoichinoyumi. Major physical attack with high Accuracy on 1 enemy. Increases the wielder's Accuracy for 3 turns. This skill is unaffected by duration-extending skills.,,,,,,,SP,31,,,,,,
Nameless Loyalty,Passive,,Increases Sleep Tolerance/Stun Tolerance for the user and all adjacent good allies.,Sleep Tolerance/Stun Tolerance increase for the user and adjacent good allies.,,,,Eldorado,,,,,,,,,
Natural Combatant,Discipline,,"Passively increases all stats, with Evasion increased significantly more.",Evasion increases even further with skill level.,,,,Savia,,,,,,,,,
Night-Bearer,Support,,Imbues the equipped katana with a dark-type trait.,"If the weapon is already dark-type, damage when striking a weakness increases with skill level.",,,"Samurai-specific, Katana/Odachi-specific",,,MP,4,6,9,12,18,22,32
Nine-Seal Slash: Concealment,Active,TRUE,"A moderate physical attack on 1 enemy. Increases the user's Evasion for 3 turns. This stat increase stacks up to 5 times, and Evasion is increased even further.",Efficacy increases with skill level. Efficacy decreased and Evasion increase amount reduced if learned by someone other than Kagero.,,,Close-range weapon-specific,Kagero,,SP,7,11,17,21,32,39,56
Ninja Dual Wield,Passive,,"When equipped with a dagger, a dagger can be equipped in the left hand. When equipped with a throwing weapon, a throwing weapon can be equipped in the left hand. Decreases Evasion/Action Speed while dual-wielding as a ninja.","Left-hand attack damage reduction amount decreases and the rate at which left-hand Attack Power is reflected into right-hand Attack Power increases with skill level. When using an attack skill, the number of attacks becomes the same as the weapon equipped in the right hand.",25,Ninja,Ninja-specific,,,,,,,,,,
NOFIS,Debuff,,Has a chance of decreasing the Magic Defense of 1 enemy row for 3 turns by calling forth calamity over a wide area.,"Chance increases, Magic Defense decreases even further, and the number of turns increases incrementally with skill level.",53,Mage,,,,MP,3,4,7,9,16,18,24
Nose for Treasure,Discipline,,"Passively increases all stats, with Disarm Trap/Detect increased even further.",Disarm Trap/Detect increase even further with skill level.,,,,Amelia,,,,,,,,,
Nose for Wealth,Passive,,Has a chance of passively increasing the sellable items obtained from treasure chests.,Chance increases with skill level.,61,Thief,Thief-specific,,,,,,,,,,
Oath of Fortitude,Passive,,Increases Confusion Tolerance/Charm Tolerance/Fear Tolerance for the user and all adjacent good allies.,Confusion Tolerance/Charm Tolerance/Fear Tolerance increase for the user and adjacent neutral allies.,,,,Clarissa,,,,,,,,,
Oblivion Flash,Passive,TRUE,"During battle, if there is an enemy weakened by attacks, this moderate physical attack easily hits that target.","Efficacy increases with skill level. Can only be performed once per turn, with the chance decreasing each time. Chance of occurring/efficacy decrease, and use becomes limited to once per battle, if learned by someone other than Abenius.",,,,Abenius,,,,,,,,,
Old Sage With the Baby Face,Discipline,,"Passively increases all stats, with MP/Magic Power increased even further.",MP/Magic Power increase even further with skill level.,,,,Erwin,,,,,,,,,
Old Warrior's Teachings,Discipline,,"Passively increases all stats, with Accuracy/Defense Power increased even further.",Accuracy/Defense Power increase even further with skill level.,,,,Elise,,,,,,,,,
One Inch Punch,Active,,A moderate physical attack on 1 enemy that bypasses a set amount of their Defense Power.,Damage increases even further and Defense Power bypassed even further with skill level.,31,Abhorrent One of Tavnazia,Abhorrent One of Tavnazia-specific,,,SP,7,10,14,20,32,40,52
One-Handed Weapon Proficiency,Passive,,Increases Attack Power/Accuracy when equipped with a dagger/one-handed sword/one-handed axe.,Attack Power/Accuracy increase even further with skill level.,,,,,,,,,,,,,
Overwhelm,Passive,,Increases Attack Power in battle when deployed in the front row.,Attack Power increases even further with skill level.,43,Priestess of the Far East,Priestess of the Far East-specific,,,,,,,,,,
Paralysis-Averting Incense,Active,,"The refreshing fragrance of rosemary promotes blood circulation, and for a set duration, allies are prevented from becoming afflicted with Paralysis 2 times.","Effect duration increases, and the number of times Paralysis is prevented increases incrementally with skill level. Cannot be used in places with water at the user's feet or underwater.",12,Healer,Healer-specific,,,SP,6,8,12,18,32,36,48
Passive Accuracy Up,Passive,TRUE,Passively increases Accuracy.,Accuracy increases even further with skill level.,,,,Beast-Thi,,,,,,,,,
Passive Accuracy Up (Fighter),Passive,TRUE,Passively increases Accuracy.,Accuracy increases even further with skill level.,16,Fighter,,Elise,Chloe,,,,,,,,
Passive Accuracy Up (Innate),Passive,,Passively increases Accuracy.,Accuracy passively increases.,,,,,,,,,,,,,
Passive Accuracy Up (Ranger),Passive,,Passively increases Accuracy.,Accuracy increases even further with skill level.,12,Ranger,,,,,,,,,,,
Passive Action Speed Up,Passive,TRUE,Passively increases Action Speed.,Action Speed increases even further with skill level.,,,,Human-Nin,,,,,,,,,
Passive Action Speed Up (Healer),Passive,,Passively increases Action Speed.,Action Speed increases even further with skill level.,40,Healer,,,,,,,,,,,
Passive Action Speed Up (Innate),Passive,,Passively increases Action Speed.,Action Speed passively increases.,,,,,,,,,,,,,
Passive Action Speed Up (Mind),Passive,,Passively increases Action Speed.,Action Speed increases even further with skill level.,,,,,,,,,,,,,
Passive Action Speed Up (Thief),Passive,TRUE,Passively increases Action Speed.,Action Speed increases even further with skill level.,17,Thief,,,Bakesh,,,,,,,,
Passive Attack Power Up,Passive,TRUE,Passively increases Attack Power.,Attack Power increases even further with skill level.,,,,Human-Fig,,,,,,,,,
Passive Attack Power Up (Fighter),Passive,TRUE,Passively increases Attack Power.,Attack Power increases even further with skill level.,10,Fighter,,Gaston,,,,,,,,,
Passive Attack Power Up (Innate),Passive,,Passively increases Attack Power.,Attack Power passively increases.,,,,,,,,,,,,,
Passive Attack Power Up (Mind),Passive,,Passively increases Attack Power.,Attack Power increases even further with skill level.,,,,,,,,,,,,,
Passive Attack Power/Magic Power Up,Passive,TRUE,Passively increases Attack Power/Magic Power.,Attack Power/Magic Power increase even further with skill level.,,,,Human-Sam,,,,,,,,,
Passive Attack Power/Magic Power Up (Innate),Passive,,Passively increases Attack Power/Magic Power.,Attack Power/Magic Power passively increase.,,,,,,,,,,,,,
Passive Defense Power Up (Fighter),Passive,TRUE,Passively increases Defense Power.,Defense Power increases even further with skill level.,,,Chloe,,,,,,,,,,
Passive Defense Power Up (Knight),Passive,TRUE,Passively increases Defense Power.,Defense Power increases even further with skill level.,10,Knight,,,,,,,,,,,
Passive Detection Up (Mage),Passive,,Passively increases Detect.,Detect increases even further with skill level.,4,Mage,,,,,,,,,,,
Passive Detection Up (Ranger),Passive,,Passively increases Detect.,Detect increases even further with skill level.,22,Ranger,,,,,,,,,,,
Passive Detection Up (Thief),Passive,,Passively increases Detect.,Detect increases even further with skill level.,35,Thief,,,,,,,,,,,
Passive Divine Power Up,Passive,TRUE,Passively increases Divine Power.,Divine Power increases even further with skill level.,,,,Elf-Pri,,,,,,,,,
Passive Divine Power Up (Healer),Passive,,Passively increases Divine Power.,Divine Power increases even further with skill level.,20,Healer,,,,,,,,,,,
Passive Divine Power Up (Innate),Passive,,Passively increases Divine Power.,Divine Power passively increases.,,,,,,,,,,,,,
Passive Divine Power Up (Priest),Passive,,Passively increases Divine Power.,Divine Power increases even further with skill level.,5,Priest,,,,,,,,,,,
Passive Evade Trap Up (Ranger),Passive,,Passively increases Evade Trap.,Evade Trap increases even further with skill level.,28,Ranger,,,,,,,,,,,
Passive Evade Trap Up (Thief),Passive,TRUE,Passively increases Evade Trap.,Evade Trap increases even further with skill level.,5,Thief,,,,,,,,,,,
Passive Evasion Up (Mind),Passive,,Passively increases Evasion.,Evasion increases even further with skill level.,,,,,,,,,,,,,
Passive Evasion Up (Ninja),Passive,,Passively increases Evasion.,Evasion increases even further with skill level.,13,Ninja,,,,,,,,,,,
Passive Evasion Up (Thief),Passive,TRUE,Passively increases Evasion.,Evasion increases even further with skill level.,11,Thief,,,Jean,,,,,,,,
Passive HP Up,Passive,TRUE,Passively increases HP.,HP increases even further with skill level.,,,,Dwarf-Kni,,,,,,,,,
Passive HP Up (Fighter),Passive,TRUE,Passively increases HP.,HP increases even further with skill level.,6,Fighter,,Benjamin,,,,,,,,,
Passive HP Up (Innate),Passive,,Passively increases HP.,HP passively increases.,,,,,,,,,,,,,
Passive HP Up (Knight),Passive,TRUE,Passively increases HP.,HP increases even further with skill level.,3,Knight,,,,,,,,,,,
Passive HP Up (Mind),Passive,,Passively increases HP.,HP increases even further with skill level.,,,,,,,,,,,,,
Passive Magic Defense Up (Knight),Passive,TRUE,Passively increases Magic Defense.,Magic Defense increases even further with skill level.,17,Knight,,,Barbara,,,,,,,,
Passive Magic Defense Up (Priest),Passive,TRUE,Passively increases Magic Defense.,Magic Defense increases even further with skill level.,11,Priest,,,,,,,,,,,
Passive Magic Power Up,Passive,TRUE,Passively increases Magic Power.,Magic Power increases even further with skill level.,,,,Elf-Mag,,,,,,,,,
Passive Magic Power Up (Healer),Passive,,Passively increases Magic Power.,Magic Power increases even further with skill level.,28,Healer,,,,,,,,,,,
Passive Magic Power Up (Innate),Passive,,Passively increases Magic Power.,Magic Power passively increases.,,,,,,,,,,,,,
Passive Magic Power Up (Mage),Passive,,Passively increases Magic Power.,Magic Power increases even further with skill level.,15,Mage,,,,,,,,,,,
Passive MP Up,Passive,TRUE,Passively increases MP.,MP increases even further with skill level.,,,,Human-Pri,,,,,,,,,
Passive MP Up (Innate),Passive,,Passively increases MP.,MP passively increases.,,,,,,,,,,,,,
Passive MP Up (Mage),Passive,,Passively increases MP.,MP increases even further with skill level.,7,Mage,,,,,,,,,,,
Passive MP Up (Mind),Passive,,Passively increases MP.,MP increases even further with skill level.,,,,,,,,,,,,,
Passive Resistance Up (Knight),Passive,TRUE,Passively increases Resistance.,Resistance increases even further with skill level.,7,Knight,,,,,,,,,,,
Passive Resistance Up (Priest),Passive,,Passively increases Resistance.,Resistance increases even further with skill level.,18,Priest,,,,,,,,,,,
Passive SP Up (Mind),Passive,,Passively increases SP.,SP increases even further with skill level.,,,,,,,,,,,,,
Passive SP Up (Ninja),Passive,,Passively increases SP.,SP increases even further with skill level.,9,Ninja,,,,,,,,,,,
Passive Surety Rate Up (Mind),Passive,,Passively increases Surety.,Surety increases even further with skill level.,,,,,,,,,,,,,
Passive Surety Up (Ninja),Passive,,Passively increases Surety.,Surety increases even further with skill level.,18,Ninja,,,,,,,,,,,
Passive Surety Up (Thief),Passive,TRUE,Passively increases Surety.,Surety increases even further with skill level.,13,Thief,,,Viviana,,,,,,,,
Path Walked with a Skull,Discipline,,"Passively increases all stats, with HP/MP increased even further.",HP/MP increase even further with skill level.,,,,Yekatarina,,,,,,,,,
Penetrating Shot,Active,,A moderate physical attack on 1 enemy in the forwardmost row and their column that bypasses a set amount of their Defense Power. Efficacy is based on Attack Power/Accuracy.,Efficacy increases and Defense Power bypassed even further with skill level.,32,Ranger,Bow-specific,,,SP,12,16,20,28,40,54,78
Petrification-Averting Incense,Active,,"The incense smoke of borneol neutralizes petrifying agents, and for a set duration, allies are prevented from becoming afflicted with Semi-Stone/Stone 2 times.","Effect duration increases, and the number of times Semi-Stone/Stone are prevented increases incrementally with skill level. Cannot be used in places with water at the user's feet or underwater.",60,Healer,Healer-specific,,,SP,6,8,12,18,32,36,48
Phoenix's Blessing,Passive,,"When taking fatal damage while Fortitude is at maximum, HP is fully restored and Fortitude is reduced. Triggers only once per battle. If fatal damage is taken while in a Post-Death Resurrection state, the effect of Phoenix's Blessing takes priority.","HP is fully restored and Fortitude reduced when taking fatal damage while Fortitude is at maximum. Triggers only once per battle. If fatal damage is taken while in a Post-Death Resurrection state, the effect of Phoenix's Blessing takes priority.",,,,,,,,,,,,,
Pinnacle of the Flower District,Discipline,,"Passively increases all stats, with SP/Attack Power increased even further.",SP/Attack Power increase even further with skill level.,,,,Yuzunamiki,,,,,,,,,
Planned Hunting,Passive,,Increases damage to magical beasts and reduces damage from magical beasts.,Damage to magical beasts increases and damage taken from magical beasts is reduced.,,,,Benjamin,,,,,,,,,
Poised All-Out Strike,Active,,A moderate physical attack on 1 enemy.,Efficacy increases with skill level. This skill cannot be used 2 times in a row.,68,Fighter,Fighter/Mage of the Black Rod/Dark Knight of Bastok/Priestess of the Far East-specific,,,SP,12,16,21,28,40,54,78
Poison Attack,Active,TRUE,A minor physical attack on 1 enemy that inflicts Poison. Chance of Poisoning is based on Dexterity.,Chance/efficacy increase and Poison damage increases with skill level.,23,Thief,,Milana,,SP,3,4,7,9,18,21,24
Poison Berry,Active,,A minor physical attack on 1 enemy that changes their Poison status to Deadly Poison.,Efficacy and Deadly Poison damage increase with skill level.,65,Thief,,,,SP,8,12,19,24,32,42,64
Poison-Averting Incense,Active,,"The hallowed fragrance of sandalwood repels poison, and for a set duration, allies are prevented from becoming afflicted with Poison/Critical Poison/Deadly Poison 2 times.","Effect duration increases, and the number of times Poison/Critical Poison/Deadly Poison status is prevented increases incrementally with skill level. Cannot be used in places with water at the user's feet or underwater.",7,Healer,Healer-specific,,,SP,6,8,12,18,32,36,48
PORTO,Support,,Advances the action order of 1 ally for 3 turns by conjuring a tailwind.,Action order is sped up even further and number of turns increases incrementally with skill level.,8,Priest,,,,MP,3,4,7,9,16,18,24
Power of Aegis,Passive,,Passively increases Magic Defense.,,,,,,,,,,,,,,
Power of Amanomurakumo,Passive,,Has a chance of decreasing enemy Attack Power when a normal attack or attack skill hits.,,,,,,,,,,,,,,
Power of Claustrum,Passive,,Has a chance of removing 1 stat buff from 1 enemy when a normal attack or attack skill hits.,,,,,,,,,,,,,,
Power of Excalibur,Passive,,Has a low chance of increasing damage dealt to enemies when a normal attack or attack skill hits. The amount of increased damage dealt to an enemy becomes greater the higher the wielder's remaining HP.,,,,,,,,,,,,,,
Power of Mandau,Passive,,Has a chance of inflicting Poison when a normal attack or attack skill hits.,,,,,,,,,,,,,,
Power of Ragnarok,Passive,,Passively increases Surety.,,,,,,,,,,,,,,
Power of Yoichinoyumi,Passive,,Increases Accuracy and damage dealt to aerial enemies.,,,,,,,,,,,,,,
Practical Self-Defense,Discipline,,"Passively increases all stats, with SP/Resistance increased even further.",SP/Resistance increase even further with skill level.,,,,Chloe,,,,,,,,,
Prayer of Rebellion,Support,TRUE,"Ignites flames of rebellion, increasing the Attack Power/Resistance of 1 ally row for 2 turns.",Attack Power/Resistance increase even further and the number of turns increases incrementally with skill level. Attack Power/Resistance increase amount and number of turns reduced if learned by someone other than Red Beard. Can stack with skills that have the same effect prior to inheritance.,,,,Red Beard,,MP,10,13,18,24,34,45,65
Prayer-Rain of Corporeal Ablution,Support,,Cures all allies of 1 Poison/Paralysis/Sleep/Stun/Stone/Chill/Freeze status afflictions by vaporizing a medicinal compound that rapidly promotes metabolism into a rain cloud.,"The number of status afflictions cured increases incrementally, and Critical Poison/Deadly Poison cures added with skill level. Can also be used underwater.",18,Healer,Healer-specific,,,MP,20,35,55,,,,
Prayer-Rain of Spiritual Ablution,Support,,Cures all allies of 1 Confusion/Charm/Curse/Fear/Skill-Bind/Spell-Bind status affliction by vaporizing a medicinal compound that calms the mind and relieves mental strain into a rain cloud.,"The number of status afflictions cured increases incrementally, and Critical Poison/Deadly Poison cures added with skill level. Can also be used underwater.",53,Healer,Healer-specific,,,MP,20,35,55,,,,
Precision Strike,Active,,A minor physical attack on 1 enemy that easily hits and bypasses a set amount of their Defense Power. Always triggers a Sure hit if the enemy is in preparation.,Efficacy increases and Defense Power bypassed even further with skill level.,3,Thief,,,,SP,5,8,12,15,23,28,40
Presence of Mind,Passive,,Attacks hit more easily even against enemies that are out of range.,"Attacks become more likely to hit, even against enemies that are out of range.",,,,Philip,,,,,,,,,
Priest Overseeing Life and Death,Passive,,Increases Attack Power based on Divine Power when attacking with a one-handed blunt weapon. Increases the user's Attack Power/Defense Power in battle when deployed in the front row. Increases the user's Divine Power/Magic Defense in battle when deployed in the back row.,Attack Power increases based on Divine Power when attacking with a one-handed blunt weapon. User's Attack Power/Defense Power increase in battle when deployed in the front row. User's Divine Power/Magic Defense increase in battle when deployed in the back row.,,,,Ainikki,,,,,,,,,
Priest Weapon Mastery,Passive,,Piety value is applied to Attack Power.,Application of Piety increases with skill level.,30,Priest,,,,,,,,,,,
Protector of the Kingdom,Discipline,,"Passively increases all stats, with HP/Defense Power increased even further.",HP/Defense Power increase even further with skill level.,,,,Eulalia,,,,,,,,,
Pursuit of Prayer,Discipline,,"Passively increases all stats, with HP/Divine Power increased even further.",HP/Divine Power increase even further with skill level.,,,,Emil,,,,,,,,,
Queen of War and Love,Passive,TRUE,Restores minor HP to all allies upon winning a battle.,Restoration amount increases with skill level. Restoration amount reduced if learned by someone other than Lanavaille.,,,,Lanavaille,,,,,,,,,
Quickdraw Stance,Active,,"Assumes the Quickdraw Stance and performs Quickdraw Slash after 1 turn. When taking a physical attack, evades and unleashes Quickdraw: Reverse Wave. Upon taking any other attack, the stance is removed. Usable when a katana is equipped at the start of a turn.",Efficacy increases with skill level.,35,Samurai,"Samurai/Samurai of the Black Rod-specific, Katana-specific",,,SP,12,16,20,28,40,54,78
Raging King I,Active,TRUE,A moderate close-range physical attack that easily hits 1 enemy. Increases damage based on the number of times the user has been attacked since the end of their previous turn.,Efficacy increases with skill level. Efficacy decreased if learned by someone other than Galbadus.,,,,Galbadus,,SP,7,10,16,21,28,34,45
Reactive Healing Tincture,Support,TRUE,Places 1 ally in a state that restores minor HP upon taking damage from attacks for 3 turns using a medicinal compound that promotes healing in response to injury. Restoration amount is based on Magic Power/Divine Power.,Restoration amount increases with skill level. Can also be used underwater.,4,Healer,,,Camille,MP,6,10,15,21,28,36,45
Recovery,Passive,,"At the start of the user's turn, has a chance of curing 1 status affliction that can be naturally cured.",Chance increases with skill level. Luck also affects the chance.,29,Knight,,,,,,,,,,,
Red Spinner Mage,Discipline,,"Passively increases all stats/Sleep Tolerance, with HP increased even further.",HP/Sleep Tolerance increase even further with skill level.,,,,Asha,,,,,,,,,
REILIS,Support,,Cures 1 ally of Fear/Confusion/Charm through chanted words of prayer.,Resistance increase/HP restoration added incrementally and effect range expands with skill level. Resistance increases even further and restoration amount increases.,23,Priest,,,,MP,4,6,9,12,25,30,56
REINIKUS,Support,,Cures 1 ally of Stone through chanted words of prayer.,Resistance increase/HP restoration added incrementally and effect range expands with skill level. Resistance increases even further and restoration amount increases.,35,Priest,,,,MP,4,6,9,12,25,30,56
Requital by Blade,Active,TRUE,"The user enters a counterattack state that has a chance of performing a moderate physical attack when receiving a single-target close/mid-range attack, and makes the user more easily targeted by 1 enemy for 3 turns. Counterattack efficacy is based on Attack Power/Defense Power. Has a chance of decreasing enemy Attack Power for 3 turns through the counterattack.","Efficacy/how easily targeted the user is/counterattack chance increase, and the number of turns of being more easily targeted/counterattack status increases incrementally with skill level. Efficacy/counterattack chance/chance of becoming more easily targeted decreased, and Attack Power decrease amount reduced, if learned by someone other than Gerard.",,,,Gerard,,SP,8,13,19,24,38,47,66
Return from the Six Realms,Passive,,"Enemy actions cause Malice to accumulate in Kagero, and when Malice reaches its maximum, he unleashes a major physical attack on 1 unspecified enemy in the frontmost enemy row that bypasses Defense Power.  Also, once per battle when taking fatal damage, he has a chance to cheat death with 1 HP, based on the amount of accumulated Malice, and performs the same attack as when Malice reaches its maximum.","After attacking, Malice becomes a set amount, but accumulates again based on enemy actions.",,,,Kagero,,,,,,,,,
Riotous Ballad,Active,TRUE,Increases damage dealt by adjacent allies for 3 turns.,Damage increase amount increases and the number of turns increases incrementally with skill level. Damage increase amount and number of turns reduced if learned by someone other than Livana.,,,,Linaria,,SP,7,9,13,17,24,32,46
Rise From Ashes,Support,,Restores minor HP to 1 ally row and increases Resistance for 3 turns.,Restoration amount increases and Resistance increases even further with skill level.,1,Priestess of the Far East,Priestess of the Far East-specific,,,MP,13,18,23,32,45,59,85
Ritual Prayer of Base Augmentation,Support,,Increases the amount of HP restored by the healer's next medicinal compound through a ritual chant passed down among healers.,Restoration increase amount increases with skill level.,33,Healer,Healer-specific,,,MP,4,7,10,14,19,25,32
Royal Knight Aspirant,Discipline,,"Passively increases all stats, with SP/Accuracy increased even further.",SP/Accuracy increase even further with skill level.,,,,Alex,,,,,,,,,
Ruler's Foresight,Passive,,"Has a chance of being able to act immediately when a new enemy appears as reinforcement during battle. Each time the user becomes able to act immediately, the chance decreases.","Has a chance of being able to act immediately when a new enemy appears as reinforcement during battle. Each time the user becomes able to act immediately, the chance decreases. Does not react to certain targetable objects.",,,,Arboris,,,,,,,,,
Running Blaze,Active,,"A major physical attack that easily hits 1 enemy row. Usable once per battle while the user has Flame-Bearer in effect. After attacking, this skill changes to Running Inferno.","Efficacy increases with skill level. [Running Inferno] A massive physical attack that easily hits 1 enemy row. After attacking, the user's Flame-Bearer effect is removed, and Evasion/Action Speed decrease for 3 turns. Usable once per battle while the user has Flame-Bearer in effect. This skill is unaffected by effect-extending skills.",,,,Yoizou,,SP,13,18,27,36,49,58,80
Running Flame,Active,,"A moderate physical attack that easily hits 1 enemy row. Usable once per battle while the user has Flame-Bearer in effect. After attacking, this skill changes to Running Blaze.","Efficacy increases with skill level. [Running Blaze] A major physical attack that easily hits 1 enemy row. Usable once per battle while the user has Flame-Bearer in effect. After attacking, this skill changes to Running Inferno. [Running Inferno] A massive physical attack that easily hits 1 enemy row. After attacking, the user's Flame-Bearer effect is removed, and Evasion/Action Speed decrease for 3 turns. Usable once per battle while the user has Flame-Bearer in effect. This skill is unaffected by effect-extending skills.",,,,Yoizou,,SP,13,18,27,36,49,58,80
Running Inferno,Active,,"A massive physical attack that easily hits 1 enemy row. After attacking, the user's Flame-Bearer effect is removed, and Evasion/Action Speed decrease for 3 turns. Usable once per battle while the user has Flame-Bearer in effect.",Efficacy increases with skill level. This skill is unaffected by effect-extending skills.,,,,Yoizou,,SP,13,18,27,36,49,58,80
Sacred Blessing,Passive,,Passively reduces damage the user takes from the undead.,Damage reduced even further with skill level.,55,Priest,Priest-specific,,,,,,,,,,
Sacred Elixir of Heart's Blood,Support,,Restores minor HP to allies other than the user by sacrificing the user's Vitality to create a special medicinal compound. Restoration amount is based on Magic Power/Divine Power.,Restoration amount increases with skill level. Can also be used underwater.,14,Healer,,,,MP,10,15,20,26,34,46,60
Sacred Healer,Passive,,Reduces the MP expenditure of DIOS and MADIOS.,MP expenditure of DIOS and MADIOS reduced.,,,,Marianne,,,,,,,,,
Sacred Resistance,Passive,,Increases the user's Resistance/Divine Power for 2 turns during ambushes.,Resistance/Divine Power increase even further with skill level.,70,Priest,,,,,,,,,,,
Salvation through Wealth,Discipline,,"Passively increases all stats/Curse Tolerance, with MP increased even further.",MP/Curse Tolerance increase even further with skill level.,,,,Marianne,,,,,,,,,
Sanctified Prayer,Discipline,,"Passively increases all stats, with Divine Power/Magic Defense increased even further.",Divine Power/Magic Defense increase even further with skill level.,,,,Marianne,,,,,,,,,
Scatter Shot,Active,,A minor physical attack that hits random enemies 5 times. Efficacy is based on Attack Power/Accuracy.,Efficacy increases with skill level. Damage reduced based on the number of hits if the same enemy is hit multiple times.,70,Ranger,Bow-specific,,,SP,16,23,30,42,58,77,105
Scourge,Active,,Usable when equipped with a Ragnarok. Major physical attack with high Accuracy on 1 enemy. Increases own Surety for 3 turns. This skill is unaffected by duration-extending skills.,,,,,,,SP,31,,,,,,
Second Arrow,Passive,,"When attacking with a normal attack or attack skill, if there are multiple enemies, there is a chance to attack a different enemy instead.",Chance increases with skill level. Luck also affects the chance.,62,Ranger,Ranger-specific,,,,,,,,,,
"Secret Art of Clear Mirror, Still Water",Discipline,,"Passively increases all stats/Surety, with Action Speed increased even further.",Surety/Action Speed increase even further with skill level.,,,,Shiou,,,,,,,,,
Secret Art of LABADIOS,Damage,,"Allows LACONES to be cast 1 time only during battle when positioned in the center of the back row. If LABADIOS has been learned, the efficacy of that secret art is enhanced.",Skill level increases with LABADIOS's skill level.,,,,Alice,,MP,25,37,62,68,87,100,137
Secret Art of LAERLIK,Damage,,"Allows LAERLIK to be cast 1 time only during battle when positioned in the center of the back row. If LAERLIK has been learned, the efficacy of that secret art is enhanced.",Skill level increases with LAERLIK's skill level.,,,,Yekaterina,,MP,27,40,65,80,100,120,140
Secret Art of LAFOROS,Damage,,"Allows LAFOROS to be cast 1 time only during battle when positioned in the center of the back row. If LAFOROS has been learned, the efficacy of that secret art is enhanced.",Skill level increases with LAFOROS's skill level.,,,,Adam,,MP,27,40,65,80,100,120,140
Self-Defense,Active,TRUE,Greatly increases the user's Defense Power/Magic Defense for 3 turns.,Defense Power/Magic Defense increase even further and the number of turns increases incrementally with skill level.,27,Knight,,,Clarissa,SP,8,12,19,24,36,44,64
Self-Healing,Active,TRUE,Restores minor HP to the user and continuously restores minor HP for 3 turns.,Restoration amount increases with skill level.,6,Knight,,Clarissa,,SP,3,4,7,9,13,16,24
Shadowy Alignment,Passive,,Increases Evasion when equipped with a dagger/throwing weapon.,Evasion increases when equipped with a dagger/throwing weapon.,,,,Kiriha,,,,,,,,,
"Shedding Armor, Flashing Blade",Active,,Greatly increases the user's Action Speed/Evasion/Surety for 5 turns. The user's Defense Power/Magic Defense increased by equipped items becomes 0.,User's Action Speed/Evasion/Surety increase even further with skill level.,67,Ninja,,,,SP,6,9,14,18,27,33,48
Sidestep,Passive,,Increases Evasion when wearing cloth.,Evasion increases when wearing cloth.,,,,Viviana,,,,,,,,,
Sir Jack's Mettle,Bondmate,,Passively increases HP.,HP increases even further with skill level.,,,,Bondmate,,,,,,,,,
Skillchain,Passive,,"On the turn after selecting an action that deals damage to an enemy, Skillchain Level increases when selecting an action different from the previous turn and dealing damage to an enemy. Enhances the user based on the level of the Skillchain.","If an action that dealt damage to an enemy was performed on the previous turn, Skillchain level increases by 1 when using a different action to deal damage to an enemy. Skillchain Level has a maximum of 3 levels, and actions include attacks/skills/spells/items. If an action that deals no damage to an enemy is performed, or if the user is unable to act due to a status affliction, Skillchain Level is lost. If damage was dealt by a passive skill, damage was dealt to an ally due to effects such as Confusion/Charm, or a skill requiring charging was selected, the last turn on which the user selected an action and dealt damage is treated as the previous turn. [Skillchain Levels] Level 1: Damage dealt to enemies increases. Level 2: In addition to the Level 1 effect, damage dealt to enemies increases even further, and SP expenditure is reduced. Level 3: In addition to the Level 2 effect, damage dealt to enemies increases even further, and the number of physical attacks increases by 1.",,,,,,,,,,,,,
Skillchain Bonus,Passive,,Increases damage when damage is dealt to enemies with an action different from the previous turn.,"Damage increase amount increases even further with skill level. If an action that dealt damage to an enemy was performed on the previous turn, damage increases when using a different action to deal damage to an enemy. Actions include attacks/skills/spells/items. If damage was dealt by a passive skill, damage was dealt to an ally due to effects such as Confusion/Charm, or a skill requiring charging was selected, the last turn on which the user selected an action and dealt damage is treated as the previous turn.",60,,Abhorrent One of Tavnazia/Priestess of the Far East-specific,,,,,,,,,,
Skull Study,Passive,,Passively reduces the MP/SP expenditure of thief spells/skills that cost 3-10 MP/SP.,MP/SP expenditure of thief spells/skills that cost 3-10 MP/SP passively reduced.,,,,Debra,,,,,,,,,
Skull's Tutelage,Passive,,Reduces physical damage taken from enemies and increases HP when deployed in the back row.,Physical damage taken from enemies reduced and HP increases when deployed in the back row.,,,,Yekaterina,,,,,,,,,
Slayer of the White Calamity,Passive,,Increases damage to magical beasts. Increases damage dealt to magical beasts for the user and the ally in front of or behind them when starting a battle with enemies caught in a set trap.,"Damage to magical beasts increased. If a battle begins against an enemy caught in a trap, damage to magical beasts is also increased for allies directly in front of or behind the user.",,,,Yrsa,,,,,,,,,
Sleep-Averting Incense,Active,,"The stimulating fragrance of camphor promotes alertness, and for a set duration, allies are prevented from becoming afflicted with Sleep/Stun 2 times.","Effect duration increases, and the number of times Sleep/Stun are prevented increases incrementally with skill level. Cannot be used in places with water at the user's feet or underwater.",16,Healer,Healer-specific,,,SP,6,8,12,18,32,36,48
Smite,Passive,,Increases Accuracy/Attack Power when equipped with a two-handed weapon.,Accuracy/Attack Power increase even further with skill level.,,,Abhorrent One of Tavnazia/Dark Knight of Bastok-specific,,,,,,,,,,
Smoke Bomb,Active,,Deals continuous HP damage to 1 enemy when performing a close/mid-range attack for a set number of turns by entangling them with a tactical bola. Has a chance of inflicting Poison when continuous HP damage triggers.,"Chance of close/mid-range attacks hitting decreases even further, Flee success rate increases even further, and the number of uses increases with skill level.",15,Ranger,,,,SP,8,10,14,19,27,36,52
Sneak Attack,Active,,A major physical attack on 1 enemy that bypasses a set amount of their Defense Power. Nullifies distance modifiers/cover. Can be used while hidden.,Efficacy increases with skill level.,30,Thief,Thief-specific,,Milana,SP,10,13,18,30,45,55,65
Sniper,Passive,,Attacks based on Attack Power/Accuracy when making a physical attack.,The rate at which Accuracy is reflected increases with skill level.,1,Ranger,Ranger-specific,,,,,,,,,,
Soaring Beast Knight,Passive,,Increases Evasion when equipped with a two-handed spear/light armor.,Evasion increases when equipped with a two-handed spear/light armor.,,,,Savia,,,,,,,,,
Solid Devotion,Discipline,,"Passively increases all stats/Stun Tolerance, with Magic Defense increased even further.",Magic Defense/Stun Tolerance increase even further with skill level.,,,,Eldorado,,,,,,,,,
Souleater,Active,,Expends the user's HP to increase damage dealt for 4 turns. The HP expended is based on the user's maximum HP.,User's HP expended to increase damage dealt for 4 turns. HP expended depends on the user's max HP.,,,,,,SP,10,,,,,,
Spell-Quenching Mirror-Mere,Passive,,"Increases Magic Defense and Action Speed when equipped with a two-handed axe, and increases damage dealt when exploiting a weakness with a water-type attack.","Magic Defense/Action Speed increase when equipped with a two-handed axe, and damage increases when striking a weakness with water-type.",,,,Livana,,,,,,,,,
Spellcraft Bookmark,Passive,,Increases damage dealt to enemies and reduces MP/SP expenditure when the spell attack selected for the previous action is selected again.,Damage dealt to enemies increases and MP/SP expenditure reduced when the spell attack selected for the previous action is selected again.,,,,Erwin,,,,,,,,,
Spiritual Incense,Passive,,Increases Magic Defense when remaining HP falls below a set level.,Magic Defense increases even further with skill level.,54,Abhorrent One of Tavnazia,Abhorrent One of Tavnazia-specific,,,,,,,,,,
Spiritual Power of the Dark One,Discipline,,"Passively increases all stats, with MP/Divine Power increased significantly more.",MP/Divine Power increase even further with skill level.,,,,Alice,,,,,,,,,
Stealth,Passive,TRUE,Passively increases initiative rate.,Initiative rate increases even further with skill level.,15,Thief,,Amelia,,,,,,,,,
Stirring Righteousness,Passive,,Increases damage dealt to enemies for all allies in the same row when only good or neutral allies are in the same row.,Increases damage dealt to enemies for everyone in the row when only good or neutral allies are deployed in the same row.,,,,Lanavaille,,,,,,,,,
Storm-Bearer,Support,,Imbues the equipped katana with an air-type trait.,"If the weapon is already air-type, damage when striking a weakness increases with skill level.",1/20/30/40,Samurai,"Samurai/Samurai of the Black Rod-specific, Katana/Odachi-specific",,,MP,4,6,9,12,18,22,32
Stormy Onslaught,Passive,,Increases Action Speed when equipped with a one-handed sword/axe/blunt weapon.,Action Speed increases when equipped with a one-handed sword/axe/blunt weapon.,,,,Gerard,,,,,,,,,
Strike of Righteous Fury,Active,,A minor physical attack on all enemies in the forwardmost enemy row. Angers the attacking enemy and has a chance of decreasing their Defense Power based on Strength for 2 turns. Usable when an odachi is equipped at the start of a turn.,Efficacy increases and Defense Power decreases even further with skill level. Angered enemies have their efficacy greatly increased when attacking. Angered status is unaffected by effect-extending skills.,58,Samurai,"Samurai/Samurai of the Black Rod-specific, Odachi-specific",,,SP,14,18,24,32,46,63,91
Strong and Gentle Priest,Discipline,,"Passively increases all stats, with Defense Power/Resistance increased even further.",Defense Power/Resistance increase even further with skill level.,,,,Daniel,,,,,,,,,
Strongest in the Village,Discipline,,"Passively increases all stats, with Attack Power/Defense Power increased even further.",Attack Power/Defense Power increase even further with skill level.,,,,Benjamin,,,,,,,,,
Strongly Selfish,Discipline,,"Passively increases all stats, with Defense Power/Action Speed increased even further.",Defense Power/Action Speed increase even further with skill level.,,,,Milana,,,,,,,,,
Strongly Suspicious,Discipline,,"Passively increases all stats, with Magic Defense/Action Speed increased even further.",Magic Defense/Action Speed increase even further with skill level.,,,,Milana,,,,,,,,,
Stun Bash,Active,TRUE,A moderate physical attack on 1 enemy. Has a chance of inflicting Stun based on Defense Power.,Efficacy/chance increase with skill level.,8,Knight,Close/mid-range weapon-specific,Alex,,SP,5,8,12,15,23,28,40
Successor to the Amatsu,Discipline,,"Passively increases all stats, with SP/Divine Power increased even further.",SP/Divine Power increase even further with skill level.,,,,,,,,,,,,,
Superior Principles,Passive,,Damage is further increased when attacking with an element type that the target is weak against.,Damage delt increases when attacking with an element type that the target is weak against.,,,,Bugen,,,,,,,,,
Surging Life Tincture,Support,,"Restores minor HP to 1 ally using an arcane medicinal compound that causes vitality to surge. It can restore HP beyond one's maximum limit, and this overheal state persists for 3 turns.",Restoration amount increases with skill level. Can also be used underwater.,70,Healer,Healer-specific,,,MP,8,14,20,26,34,44,56
Surging Will to Fight,Passive,,Passively increases Attack Power. Increases Attack Power/Accuracy for 2 turns when resurrected in battle.,Attack Power passively increases. Attack Power/Accuracy increase for 2 turns when resurrected in battle.,,,,Berkanan,,,,,,,,,
Tachi: Kaiten,Active,,Usable when equipped with an Amanomurakumo. Major physical attack with high Accuracy on 1 enemy. Continuously restores minor SP to the wielder for 3 turns. This skill is unaffected by duration-extending skills.,,,,,,,SP,34,,,,,,
Tactical Bola,Active,,Deals continuous HP damage to 1 enemy when performing a close/mid-range attack for a set number of turns by entangling them with a tactical bola. Has a chance of inflicting Poison when continuous HP damage triggers.,"Continuous HP damage amount/Poison damage amount increase, and the chance to inflict Poison increases with skill level.",50,Ranger,,,,SP,6,9,14,18,33,37,48
Talented Trapsmith,Discipline,,"Passively increases all stats, with Disarm Trap/Evade Trap increased even further.",Disarm Trap/Evade Trap increase even further with skill level.,,,,Bakesh,,,,,,,,,
Tall Mage,Discipline,,"Passively increases all stats, with Attack Power/SP/Defense Power/Magic Defense increased even further.",Attack Power/SP/Defense Power/Magic Defense increase even further with skill level.,,,,Berkanan,,,,,,,,,
Teller of the Doomed Village's Tale,Discipline,,"Passively increases all stats, with SP/Action Speed increased even further.",SP/Action Speed increase even further with skill level.,,,,Linaria,,,,,,,,,
Testament to a Good Life,Discipline,,"Passively increases all stats, with HP/MP/Attack Power/Divine Power increased even further.",HP/MP/Attack Power/Divine Power increase even further with skill level.,,,,Ainikki,,,,,,,,,
The One Who Enforces,Passive,,Increases Surety/Accuracy when equipped with a two-handed axe.,Surety/Accuracy increase when equipped with a two-handed axe.,,,,Livana,,,,,,,,,
Thief's Guild Trainee,Discipline,,"Passively increases all stats, with SP/Disarm Trap increased even further.",SP/Disarm Trap increase even further with skill level.,,,,Viviana,,,,,,,,,
Thievery Proficiency,Passive,,Passively reduces the SP expenditure of thief skills.,SP expenditure reduced even further with skill level.,,,,,,,,,,,,,
Third Eye,Passive,,Passively increases Evasion.,Evasion increases even further with skill level.,8,Priestess of the Far East,Priestess of the Far East-specific,,,,,,,,,,
Thousand Hue Blossom,Active,TRUE,"A minor physical attack on random enemies that doubles the number of hits and has a chance of inflicting Charm. If this skill deals damage to an enemy that is already Charmed, the Charm status is not cured.",Efficacy increases and chance increases even further with skill level. Efficacy decreased and Charm effect removed if learned by someone other than Yuzunamiki.,,,Long-range weapon-specific,,Yuzunamiki,SP,12,16,21,36,54,66,78
Thousandfold Grip,Passive,,Increases the Surety of odachi-specific skills and samurai ultimate skills when equipped with an odachi.,Surety increases even further with skill level.,62,Samurai,"Samurai/Samurai of the Black Rod-specific, Odachi-specific",,,,,,,,,,
Threefold Mist,Active,TRUE,"A moderate physical attack with high Accuracy on up to 3 different random enemies, prioritizing the front row.",Efficacy increases with skill level. Efficacy decreased if learned by someone other than Rinne.,,,,,Rinne,SP,10,13,18,30,45,55,65
Thundersmiter's Protection,Discipline,,"Passively increases all stats, with Evasion/Action Speed increased even further.",Evasion/Action Speed increase even further with skill level.,,,,Gerard,,,,,,,,,
Thunderstrike,Active,TRUE,A moderate air-type physical attack on 1 enemy that has a low chance of inflicting Paralyze.,Efficacy/chance increase with skill level. Efficacy decreased if learned by someone other than Gerard.,,,,Gerard,,SP,9,14,21,27,41,50,72
Tide-Bearer,Support,,Imbues the equipped katana with a water-type trait.,"If the weapon is already water-type, damage when striking a weakness increases with skill level.",1/20/30/40,Samurai,"Samurai/Samurai of the Black Rod-specific, Katana/Odachi-specific",,,MP,4,6,9,12,18,22,32
Tincture of Unwaning,Support,,Prevents 1 ally from receiving stat debuffs 2 times for 3 turns using a medicinal compound blended from various herbs with fortifying effects.,The number of times stat debuffs are prevented/number of turns increase incrementally with skill level. Can also be used underwater.,38,Healer,Healer-specific,,,MP,3,4,7,9,13,16,24
Tradition in Shadows,Discipline,,"Passively increases all stats, with Accuracy/Evasion increased even further.",Accuracy/Evasion increase even further with skill level.,,,,Kiriha,,,,,,,,,
Traitor to Gods,Discipline,,"Passively increases all stats, with Divine Power/Attack Power increased even further.",Divine Power/Attack Power increase even further with skill level.,,,,Red Beard,,,,,,,,,
Tranquility,Passive,,Passively increases Accuracy/Surety.,Accuracy/Surety increase even further with skill level.,25,Abhorrent One of Tavnazia,Abhorrent One of Tavnazia-specific,,,,,,,,,,
Trap Disarm Master's Resolve,Passive,,Has a low chance of curing the user's Trapophobia when an ally succeeds at disarming a trap.,Chance increases with skill level.,54,Thief,Thief-specific,,,,,,,,,,
Trap Traversal,Active,,"Nullifies some detected floor traps that deal damage while exploring, until traveling a set distance.",Movement distance over which the effect persists increases with skill level. There are some traps which cannot be nullified.,60,Ranger,,,,SP,4,6,8,10,12,14,16
Treasure Master,Passive,,Passively increases the number of trap disarm attempts.,Number of Disarm Trap attempts passively increases.,63,Thief,Thief-specific,,,,,,,,,,
Treasure Trap Detection Skill,Passive,TRUE,Passively increases the rate of finding traps set on treasure chests.,Trap detection rate increases even further with skill level.,1,Thief,,Bakesh,,,,,,,,,
Treasure Trap Disarm Skill,Passive,TRUE,Passively increases Disarm Trap.,Disarm Trap increases even further with skill level.,3,Thief,,Jean,,,,,,,,,
Treatment,Support,TRUE,Restores minor HP to 1 ally by circulating od within the caster's body through an outstretched hand to amplify vitality. Restoration amount is based on Magic Power/Divine Power.,Restoration amount increases with skill level. Can also be performed underwater.,1,Healer,,Camille,,MP,4,7,10,13,17,22,28
True Eye Stance,Passive,,"A stance assumed at the start of battle. If in a different stance, this skill will perform a normal attack and then transition to True Eye Stance.","The stance assumed at the start of battle. When in a different stance, this skill will perform a normal attack and then transition to True Eye Stance.",1,Samurai,"Samurai/Samurai of the Black Rod-specific, Katana/Odachi-specific",,,,,,,,,,
True Words of Fire,Damage,TRUE,A minor fire-type spell attack on 1 enemy. Has a chance of decreasing enemy Accuracy/Defense Power for 2 turns.,"Efficacy/chance increase, Accuracy/Defense Power decrease even further, and the number of turns increases incrementally with skill level. Damage increases with mage/tall mage class level. Efficacy and chance to decrease Accuracy/Defense Power decreased, and the number of turns reduced, if learned by someone other than Berkanan. Can stack with skills that have the same effect prior to inheritance.",,,,Berkanan,,MP,5,8,12,15,23,28,40
Twilight of the Long-Lived Race,Discipline,,"Passively increases all stats, with MP/Resistance increased even further.",MP/Resistance increase even further with skill level.,,,,Adam,,,,,,,,,
Tyrant's Gravity,Passive,,"At the start of battle, makes the user more easily targeted by all enemies until the user has been attacked 3 times.","At the start of battle, makes the user more easily targeted by all enemies. If the user is attacked 3 times, the effect is removed.",,,,Galbadus,,,,,,,,,
TZALIK,Damage,TRUE,A major untyped spell attack on 1 enemy that greatly bypasses their Magic Defense. Has a chance of Paralyzing the target.,Efficacy/chance increase with skill level. Efficacy/chance decreased if learned by someone other than Iarumas.,,,,Iarumas,,MP,20,30,42,54,68,82,100
"Unending Deaths, Continuous Funerals",Active,,A minor physical attack on 1 enemy. A minor physical attack on another enemy if the target is defeated.,Efficacy increases with skill level.,64,Ninja,Ninja-specific,,,SP,8,12,19,24,36,44,64
Unstoppable Curiosity,Discipline,,"Passively increases all stats/Fear Tolerance, with Detect increased even further.",Detect/Fear Tolerance increase even further with skill level.,,,,Dino,,,,,,,,,
Untyped Resistance Weakening,Debuff,,Decreases Untyped Tolerance for 1 enemy row for 2 turns by whispering malicious things to any surrounding spirits. Chance of decreasing is based on Magic Power.,"Chance increases, untyped Tolerance decreases even further, and the number of turns increases incrementally with skill level.",67,Mage,Mage/Mage of the Black Rod-specific,,,MP,10,14,20,26,36,50,66
Untyped Thaumaturgy,Passive,,Reduces untyped damage to the user.,Untyped damage reduced even further with skill level.,55,Mage,,,,,,,,,,,
Unwavering Faith,Discipline,,"Passively increases all stats/Critical Tolerance, with Divine Power increased even further.",Divine Power/Critical Tolerance increase even further with skill level.,,,,Galina,,,,,,,,,
Unwithering Flower,Discipline,,"Passively increases all stats/Sleep Tolerance, with Magic Power increased even further.",Magic Power/Sleep Tolerance increase even further with skill level.,,,,Anemone,,,,,,,,,
Unyielding Will to Fight,Passive,TRUE,Gives a to cheat death with 1 HP when taking fatal damage.,Chance increases with skill level. Luck also affects the chance.,35,Knight,,,Eulalia,,,,,,,,
Valiant Righteousness,Passive,,Increases own Action Speed based on the number of equipped one-handed swords/light armor. Increases damage dealt to enemies for all allies in the same row when only good or neutral allies are in the same row.,Increases the user's Action Speed based on the number of equipped one-handed swords/light armor. Increases damage dealt to enemies for everyone in the row when only good or neutral allies are deployed in the same row.,,,,Lanavaille,,,,,,,,,
Veiled Moon,Active,TRUE,A minor physical attack on 1 enemy that increases damage the lower the user's remaining HP. Makes the user less easily targeted by all enemies for 3 turns.,"Efficacy/Surety rate increase and the user becomes even less easily targeted with skill level. Efficacy/chance of becoming less easily targeted decreased, and damage increase amount reduced, if learned by someone other than Shiou.",,,,Shiou,,SP,10,13,18,24,34,45,65
Vengeful Oath Conditioning,Discipline,,"Passively increases all stats, with SP/Attack Power increased even further.",Attack Power/Accuracy increase even further with skill level.,,,,Gillion,,,,,,,,,
Vengeful Spirit of Windcry Peak,Discipline,,"Passively increases all stats, with Attack Power/Evasion increased even further.",Attack Power/Evasion increase even further with skill level.,,,,Kagero,,,,,,,,,
Vitality Jutsu,Passive,,Passively increases Attack Power the higher the user's remaining HP is.,Attack Power increases even further with skill level.,61,Ninja,,,,,,,,,,,
Voice Theft,Active,,Has a high chance of inflicting Spell-Bind on 1 enemy for 2 turns by carving a voice-sealing mark onto them.,Chance increases and the number of turns increases incrementally with skill level.,22,Ninja,,,,SP,8,12,19,24,36,44,64
Warrior Princess of Resolution and Love,Discipline,,"Passively increases all stats/Confusion Tolerance/Charm Tolerance, with Defense Power increased even further.",Defense Power/Confusion Tolerance/Charm Tolerance increase even further with skill level.,,,,Lanavaille,,,,,,,,,
Warrior's Battle Cry,Active,TRUE,Increases the user's Attack Power and decreases Defense Power for 4 turns.,Attack Power increases even further with skill level.,8,Fighter,,Chloe,,SP,6,9,14,18,27,33,48
Water Formation,Passive,,Increases damage dealt to fire-type enemies for the user and all adjacent water-type allies when 2 or more water-type allies are deployed adjacent to the user.,,,,,Flut,,,,,,,,,
Water Resistance Weakening,Debuff,,Decreases Water Tolerance for 1 enemy row for 2 turns by whispering malicious things to any surrounding spirits. Chance of decreasing is based on Magic Power.,"Chance increases, water-type Tolerance decreases even further, and the number of turns increases incrementally with skill level.",67,Mage,Mage-specific,,,MP,10,14,20,26,36,50,66
Water Type Thaumaturgy,Passive,,Reduces water-type damage to the user.,Water-type damage reduced even further with skill level.,55,Mage,,,,,,,,,,,
Water-Kin Blessing,Passive,,Reduces water-type damage for humans in the same row.,Water-type damage reduced for humans in the same row.,,,,Daniel,,,,,,,,,
Way of the Field of Battle,Discipline,,"Passively increases all stats, with Evasion/Action Speed increased even further.",Evasion/Action Speed increase even further with skill level.,,,,Ophelia,,,,,,,,,
Way of the Knight,Passive,TRUE,Has a chance of reducing damage when the user is attacked.,Chance increases incrementally and damage reduced even further with skill level. Luck also affects the chance.,25,Knight,,,Alex,,,,,,,,
Way of the Mage,Passive,,Passively reduces the MP expenditure of attack/debuff spells.,MP expenditure reduced even further with skill level.,25,Mage,,,,,,,,,,,
Way of the Priest,Passive,TRUE,Passively reduces the MP expenditure of restoration/support spells.,MP expenditure reduced even further with skill level.,25,Priest,,,Marianne,,,,,,,,
Way of the Thief,Passive,,Increases Surety damage on a Sure hit.,Surety damage increases even further with skill level.,25,Thief,,,,,,,,,,,
Way of the Warrior,Passive,TRUE,Increases close/mid-range damage when equipped with a close/mid-range weapon.,Damage increases even further with skill level.,25,Fighter,,,"Gandolfo, Ophelia",,,,,,,,
Wayfaring Hunter's Savvy,Passive,,Reduces all damage taken by all allies 1 time for 1 turn if there are 4 or more enemies during an ambush.,,,,,Heinrico,,,,,,,,,
Weaponmaster,Discipline,,"Passively increases all stats/Surety, with Accuracy increased even further.",Accuracy/Surety increase even further with skill level.,,,,Gandolfo,,,,,,,,,
Wide Volley,Active,TRUE,A minor physical attack on 1 enemy row. Efficacy is based on Attack Power/Accuracy.,Efficacy increases with skill level.,10,Ranger,Bow-specific,,Heinrico,SP,12,16,20,28,40,54,78
Wild Beast Knight,Discipline,,"Passively increases all stats, with Attack Power/Evasion increased even further.",Attack Power/Evasion increase even further with skill level.,,,,Savia,,,,,,,,,
Wild Knight,Passive,,Passively reduces the MP/SP expenditure of knight spells/skills that cost 3-10 MP/SP.,MP/SP expenditure of knight spells/skills that cost 3-10 MP/SP passively reduced.,,,,Barbara,,,,,,,,,
Wild Strike,Active,,A major physical attack on 1 enemy. Decreases the user's Action Speed after performing an action. This skill is unaffected by effect-extending skills.,Efficacy increases with skill level. This skill is unaffected by duration-extending skills.,31,Fighter,Close/mid-range weapon-specific,,"Benjamin, Elise",SP,8,12,18,23,30,36,48
Wild Throw,Active,,A minor physical attack on 3 random enemies.,Efficacy increases with skill level.,10,Ninja,"Long-range weapon-specific, Ninja-specific",,Kiriha,SP,10,13,18,24,34,45,65
Will of the Millennial Lord,Discipline,,"Passively increases all stats, with Magic Power/Action Speed increased even further.",Magic Power/Action Speed increase even further with skill level.,,,,Adam,,,,,,,,,
Will to Fight,Passive,TRUE,Increases Accuracy/Evasion/Surety when HP falls below a set level.,Accuracy/Evasion/Surety increase even further with skill level.,36,Fighter,,Olive,,,,,,,,,
Will to Resist Death,Passive,,Passively increases Magic Power. Increases Magic Power/Action Speed for 2 turns when resurrected in battle.,Magic Power passively increases. Magic Power/Action Speed increase for 2 turns when resurrected in battle.,,,,Berkanan,,,,,,,,,
Wisdom of the Crafty Old Dwarf,Discipline,,Passively increases Detect/Evade Trap/Trapophobia Tolerance.,Detect/Evade Trap/Disarm Trap/Trapophobia Tolerance increase even further with skill level. The increase amount of Detect/Evade Trap/Disarm Trap/Trapophobia Tolerance reduced if learned by someone other than Aldric.,,,,Aldric,,,,,,,,,
Wisdom of Truth,Passive,TRUE,"Removes the damage reduction against unfavorable element types, and has a chance of reducing damage when attacked.","Chance of damage reduction increases and MP increase added incrementally, with skill level. Luck also affects the chance. Chance decreased and damage reduction amount reduced if learned by someone other than Adam.",,,,Adam,,,,,,,,,
Witching Wisdom,Passive,,Increases the success rate of status afflictions and stat debuffs used by the user.,,,,,Asha,,,,,,,,,
Young Spell Prodigy,Discipline,,"Passively increases all stats, with MP/Magic Power increased even further.",MP/Magic Power increase even further with skill level.,,,,Flut,,,,,,,,,
ZELOS,Damage,,A minor dark-type spell attack on 1 enemy by launching an orb of condensed spite.,Efficacy increases with skill level.,1,Mage,,,,MP,5,8,12,15,21,26,36
ZILFIS,Support,,Cures 1 ally of Curse through chanted words of prayer.,Resistance increase/HP restoration added incrementally and effect range expands with skill level. Resistance increases even further and restoration amount increases.,29,Priest,,,,MP,4,6,9,12,25,30,56